Date,Day,Rooms Sold,Arrival Rooms,Compliment Rooms,House Use,Individual Confirm,Occupancy %,Room Revenue,ARR,Departure Rooms,OOO Rooms,Pax,Total Room Inventory,snapshot_date,arrival_date,actual_or_forecast
2023-02-06 00:00:00,Monday,101.0,68.0,2.0,3.0,34.0,85.59,1318517.35,13054.63,29.0,12.0,181.0,118.0,2023-02-06,2023-02-06,actual
2023-02-07 00:00:00,Tuesday,115.0,38.0,2.0,3.0,56.0,95.83,1483922.05,12903.67,11.0,10.0,199.0,120.0,2023-02-07,2023-02-07,actual
2023-02-08 00:00:00,Wednesday,115.0,31.0,2.0,2.0,61.0,95.04,1473226.37,12810.66,16.0,9.0,202.0,121.0,2023-02-08,2023-02-08,actual
2023-02-09 00:00:00,Thursday,116.0,38.0,2.0,2.0,59.0,95.87,1507583.27,12996.41,12.0,10.0,214.0,121.0,2023-02-09,2023-02-09,actual
2023-02-10 00:00:00,Friday,114.0,40.0,3.0,2.0,76.0,95.0,1521588.01,13347.26,24.0,10.0,232.0,120.0,2023-02-10,2023-02-10,actual
2023-02-11 00:00:00,Saturday,115.0,42.0,3.0,2.0,70.0,95.83,1519886.5,13216.4,22.0,10.0,225.0,120.0,2023-02-11,2023-02-11,actual
2023-02-12 00:00:00,Sunday,86.0,28.0,5.0,2.0,58.0,71.67,1096850.55,12754.08,22.0,10.0,177.0,120.0,2023-02-12,2023-02-12,actual
2023-02-13 00:00:00,Monday,106.0,49.0,1.0,2.0,59.0,89.08,1416906.08,13367.04,16.0,11.0,202.0,119.0,2023-02-13,2023-02-13,actual
2023-02-14 00:00:00,Tuesday,103.0,47.0,0.0,2.0,63.0,88.79,1354937.79,13154.74,19.0,14.0,201.0,116.0,2023-02-14,2023-02-14,actual
2023-02-15 00:00:00,Wednesday,106.0,46.0,0.0,3.0,73.0,90.6,1436355.73,13550.53,21.0,13.0,208.0,117.0,2023-02-15,2023-02-15,actual
2023-02-16 00:00:00,Thursday,114.0,43.0,4.0,2.0,90.0,95.0,1572756.51,13796.11,13.0,10.0,230.0,120.0,2023-02-16,2023-02-16,actual
2023-02-17 00:00:00,Friday,114.0,44.0,4.0,2.0,80.0,95.0,1593180.4,13975.27,18.0,10.0,237.0,120.0,2023-02-17,2023-02-17,actual
2023-02-18 00:00:00,Saturday,109.0,32.0,4.0,2.0,72.0,91.6,1501066.18,13771.25,17.0,11.0,223.0,119.0,2023-02-18,2023-02-18,actual
2023-02-19 00:00:00,Sunday,111.0,48.0,3.0,2.0,65.0,94.87,1571627.95,14158.81,25.0,13.0,224.0,117.0,2023-02-19,2023-02-19,actual
2023-02-20 00:00:00,Monday,108.0,46.0,1.0,2.0,55.0,93.1,1431118.16,13251.09,23.0,14.0,199.0,116.0,2023-02-20,2023-02-20,actual
2023-02-21 00:00:00,Tuesday,115.0,60.0,3.0,2.0,38.0,95.04,1499692.77,13040.81,30.0,9.0,238.0,121.0,2023-02-21,2023-02-21,actual
2023-02-22 00:00:00,Wednesday,113.0,49.0,3.0,2.0,51.0,95.76,1486502.04,13154.89,6.0,12.0,242.0,118.0,2023-02-22,2023-02-22,actual
2023-02-23 00:00:00,Thursday,115.0,36.0,1.0,2.0,58.0,97.46,1688055.2,14678.74,17.0,12.0,245.0,118.0,2023-02-23,2023-02-23,actual
2023-02-24 00:00:00,Friday,114.0,49.0,0.0,2.0,58.0,98.28,1524191.39,13370.1,23.0,14.0,231.0,116.0,2023-02-24,2023-02-24,actual
2023-02-25 00:00:00,Saturday,114.0,52.0,1.0,2.0,58.0,97.44,1536371.92,13476.95,19.0,13.0,236.0,117.0,2023-02-25,2023-02-25,actual
2023-02-26 00:00:00,Sunday,117.0,41.0,1.0,2.0,63.0,97.5,1529710.87,13074.45,24.0,10.0,227.0,120.0,2023-02-26,2023-02-26,actual
2023-02-27 00:00:00,Monday,118.0,41.0,1.0,2.0,72.0,97.52,1595433.72,13520.62,12.0,9.0,231.0,121.0,2023-02-27,2023-02-27,actual
2023-02-28 00:00:00,Tuesday,115.0,59.0,1.0,2.0,62.0,97.46,1577487.11,13717.28,27.0,13.0,191.0,118.0,2023-02-28,2023-02-28,actual
2023-03-01 00:00:00,Wednesday,115.0,45.0,2.0,2.0,71.0,96.64,1629506.17,14169.62,20.0,11.0,224.0,119.0,2023-03-01,2023-03-01,actual
2023-03-02 00:00:00,Thursday,117.0,60.0,1.0,2.0,83.0,97.5,1601563.21,13688.57,19.0,11.0,224.0,120.0,2023-03-02,2023-03-02,actual
2023-03-03 00:00:00,Friday,112.0,46.0,0.0,3.0,89.0,94.12,1471696.44,13140.15,20.0,11.0,218.0,119.0,2023-03-03,2023-03-03,actual
2023-03-04 00:00:00,Saturday,110.0,58.0,1.0,2.0,65.0,94.83,1393504.12,12668.22,19.0,14.0,223.0,116.0,2023-03-04,2023-03-04,actual
2023-03-05 00:00:00,Sunday,103.0,50.0,1.0,2.0,56.0,88.79,1339803.84,13007.8,22.0,14.0,215.0,116.0,2023-03-05,2023-03-05,actual
2023-03-06 00:00:00,Monday,77.0,26.0,2.0,3.0,53.0,65.81,975229.44,12665.32,17.0,14.0,177.0,117.0,2023-03-06,2023-03-06,actual
2023-03-07 00:00:00,Tuesday,89.0,57.0,0.0,2.0,44.0,76.07,1080528.99,12140.78,26.0,13.0,208.0,117.0,2023-03-07,2023-03-07,actual
2023-03-08 00:00:00,Wednesday,80.0,25.0,0.0,2.0,45.0,69.57,1006950.15,12586.88,16.0,15.0,178.0,115.0,2023-03-08,2023-03-08,actual
2023-03-09 00:00:00,Thursday,105.0,51.0,0.0,2.0,61.0,91.3,1395470.56,13290.2,19.0,15.0,211.0,115.0,2023-03-09,2023-03-09,actual
2023-03-10 00:00:00,Friday,105.0,55.0,2.0,2.0,64.0,90.52,1381181.81,13154.11,23.0,14.0,209.0,116.0,2023-03-10,2023-03-10,actual
2023-03-11 00:00:00,Saturday,116.0,58.0,3.0,2.0,49.0,95.87,1541062.04,13285.02,24.0,9.0,253.0,121.0,2023-03-11,2023-03-11,actual
2023-03-12 00:00:00,Sunday,114.0,58.0,1.0,2.0,77.0,97.44,1548613.7,13584.33,34.0,13.0,218.0,117.0,2023-03-12,2023-03-12,actual
2023-03-13 00:00:00,Monday,117.0,37.0,2.0,2.0,83.0,96.69,1648899.18,14093.16,13.0,9.0,229.0,121.0,2023-03-13,2023-03-13,actual
2023-03-14 00:00:00,Tuesday,118.0,47.0,1.0,2.0,77.0,97.52,1511792.76,12811.8,18.0,10.0,224.0,121.0,2023-03-14,2023-03-14,actual
2023-03-15 00:00:00,Wednesday,119.0,60.0,0.0,2.0,64.0,98.35,1500988.91,12613.35,23.0,9.0,211.0,121.0,2023-03-15,2023-03-15,actual
2023-03-16 00:00:00,Thursday,118.0,24.0,1.0,2.0,57.0,97.52,1558168.56,13204.82,14.0,9.0,232.0,121.0,2023-03-16,2023-03-16,actual
2023-03-17 00:00:00,Friday,118.0,61.0,0.0,3.0,64.0,97.52,1498763.33,12701.38,39.0,9.0,216.0,121.0,2023-03-17,2023-03-17,actual
2023-03-18 00:00:00,Saturday,116.0,38.0,1.0,2.0,92.0,97.48,1604194.43,13829.26,19.0,11.0,225.0,119.0,2023-03-18,2023-03-18,actual
2023-03-19 00:00:00,Sunday,110.0,46.0,1.0,2.0,71.0,97.35,1495142.32,13592.2,27.0,17.0,199.0,113.0,2023-03-19,2023-03-19,actual
2023-03-20 00:00:00,Monday,108.0,46.0,3.0,2.0,84.0,93.1,1405165.39,13010.79,18.0,14.0,208.0,116.0,2023-03-20,2023-03-20,actual
2023-03-21 00:00:00,Tuesday,103.0,43.0,1.0,2.0,82.0,90.35,1349389.85,13100.87,18.0,16.0,188.0,114.0,2023-03-21,2023-03-21,actual
2023-03-22 00:00:00,Wednesday,115.0,49.0,0.0,2.0,91.0,98.29,1557675.02,13545.0,16.0,13.0,200.0,117.0,2023-03-22,2023-03-22,actual
2023-03-23 00:00:00,Thursday,107.0,40.0,0.0,3.0,82.0,91.45,1432708.06,13389.79,22.0,13.0,196.0,117.0,2023-03-23,2023-03-23,actual
2023-03-24 00:00:00,Friday,116.0,52.0,1.0,2.0,78.0,97.48,1423923.97,12275.21,28.0,11.0,209.0,119.0,2023-03-24,2023-03-24,actual
2023-03-25 00:00:00,Saturday,112.0,52.0,1.0,1.0,59.0,95.73,1317979.41,11767.67,26.0,13.0,218.0,117.0,2023-03-25,2023-03-25,actual
2023-03-26 00:00:00,Sunday,112.0,33.0,2.0,2.0,73.0,95.73,1316119.33,11751.07,15.0,13.0,214.0,117.0,2023-03-26,2023-03-26,actual
2023-03-27 00:00:00,Monday,111.0,44.0,2.0,2.0,67.0,94.07,1442358.31,12994.22,16.0,12.0,195.0,118.0,2023-03-27,2023-03-27,actual
2023-03-28 00:00:00,Tuesday,98.0,28.0,0.0,2.0,52.0,82.35,1276865.49,13029.24,20.0,11.0,174.0,119.0,2023-03-28,2023-03-28,actual
2023-03-29 00:00:00,Wednesday,98.0,35.0,1.0,2.0,73.0,84.48,1278480.42,13045.72,14.0,14.0,183.0,116.0,2023-03-29,2023-03-29,actual
2023-03-30 00:00:00,Thursday,102.0,30.0,1.0,2.0,79.0,92.73,1332188.96,13060.68,12.0,17.0,196.0,110.0,2023-03-30,2023-03-30,actual
2023-03-31 00:00:00,Friday,113.0,57.0,4.0,1.0,75.0,95.76,1420672.81,12572.33,27.0,12.0,237.0,118.0,2023-03-31,2023-03-31,actual
2023-04-01 00:00:00,Saturday,112.0,47.0,5.0,1.0,82.0,94.12,1203037.94,10741.41,26.0,12.0,230.0,119.0,2023-04-01,2023-04-01,actual
2023-04-02 00:00:00,Sunday,89.0,33.0,1.0,1.0,65.0,75.42,899201.65,10103.39,19.0,13.0,188.0,118.0,2023-04-02,2023-04-02,actual
2023-04-03 00:00:00,Monday,84.0,35.0,0.0,3.0,73.0,71.79,856163.68,10192.42,15.0,13.0,167.0,117.0,2023-04-03,2023-04-03,actual
2023-04-04 00:00:00,Tuesday,70.0,32.0,2.0,2.0,60.0,61.4,765587.42,10936.96,16.0,16.0,149.0,114.0,2023-04-04,2023-04-04,actual
2023-04-05 00:00:00,Wednesday,52.0,24.0,1.0,2.0,38.0,46.85,635795.35,12226.83,15.0,19.0,116.0,111.0,2023-04-05,2023-04-05,actual
2023-04-06 00:00:00,Thursday,49.0,22.0,0.0,1.0,40.0,43.36,557077.33,11368.93,18.0,17.0,109.0,113.0,2023-04-06,2023-04-06,actual
2023-04-07 00:00:00,Friday,56.0,29.0,0.0,2.0,43.0,62.92,620364.81,11077.94,11.0,41.0,127.0,89.0,2023-04-07,2023-04-07,actual
2023-04-08 00:00:00,Saturday,55.0,21.0,0.0,1.0,52.0,49.11,589947.4,10726.32,20.0,18.0,137.0,112.0,2023-04-08,2023-04-08,actual
2023-04-09 00:00:00,Sunday,50.0,16.0,2.0,1.0,42.0,45.45,554695.07,11093.9,24.0,20.0,134.0,110.0,2023-04-09,2023-04-09,actual
2023-04-10 00:00:00,Monday,55.0,24.0,4.0,1.0,41.0,49.11,633872.68,11524.96,7.0,18.0,139.0,112.0,2023-04-10,2023-04-10,actual
2023-04-11 00:00:00,Tuesday,82.0,37.0,8.0,1.0,59.0,73.87,883104.85,10769.57,9.0,19.0,189.0,111.0,2023-04-11,2023-04-11,actual
2023-04-12 00:00:00,Wednesday,76.0,35.0,7.0,1.0,36.0,67.86,868633.22,11429.38,23.0,18.0,177.0,112.0,2023-04-12,2023-04-12,actual
2023-04-13 00:00:00,Thursday,84.0,19.0,1.0,1.0,50.0,74.34,885672.34,10543.72,28.0,17.0,171.0,113.0,2023-04-13,2023-04-13,actual
2023-04-14 00:00:00,Friday,77.0,27.0,1.0,1.0,55.0,71.3,815474.23,10590.57,15.0,23.0,155.0,108.0,2023-04-14,2023-04-14,actual
2023-04-15 00:00:00,Saturday,74.0,30.0,0.0,1.0,65.0,65.49,809916.73,10944.82,15.0,17.0,154.0,113.0,2023-04-15,2023-04-15,actual
2023-04-16 00:00:00,Sunday,81.0,40.0,0.0,1.0,55.0,71.68,906710.34,11193.95,19.0,17.0,152.0,113.0,2023-04-16,2023-04-16,actual
2023-04-17 00:00:00,Monday,108.0,47.0,4.0,1.0,74.0,92.31,1116032.59,10333.64,14.0,13.0,195.0,117.0,2023-04-17,2023-04-17,actual
2023-04-18 00:00:00,Tuesday,110.0,52.0,4.0,2.0,71.0,94.02,1277898.43,11617.26,17.0,13.0,202.0,117.0,2023-04-18,2023-04-18,actual
2023-04-19 00:00:00,Wednesday,88.0,26.0,3.0,1.0,62.0,77.19,970955.04,11033.58,17.0,16.0,167.0,114.0,2023-04-19,2023-04-19,actual
2023-04-20 00:00:00,Thursday,57.0,16.0,3.0,1.0,52.0,50.89,707838.73,12418.22,21.0,18.0,130.0,112.0,2023-04-20,2023-04-20,actual
2023-04-21 00:00:00,Friday,49.0,21.0,6.0,2.0,49.0,44.14,561810.36,11465.52,18.0,19.0,128.0,111.0,2023-04-21,2023-04-21,actual
2023-04-22 00:00:00,Saturday,61.0,28.0,3.0,2.0,53.0,54.95,689980.94,11311.16,11.0,19.0,146.0,111.0,2023-04-22,2023-04-22,actual
2023-04-23 00:00:00,Sunday,57.0,29.0,2.0,4.0,46.0,52.29,664968.68,11666.12,19.0,21.0,128.0,109.0,2023-04-23,2023-04-23,actual
2023-04-24 00:00:00,Monday,65.0,34.0,0.0,3.0,46.0,59.63,791445.93,12176.09,15.0,21.0,138.0,109.0,2023-04-24,2023-04-24,actual
2023-04-25 00:00:00,Tuesday,65.0,23.0,0.0,4.0,51.0,59.63,711628.0,10948.12,14.0,21.0,129.0,109.0,2023-04-25,2023-04-25,actual
2023-04-26 00:00:00,Wednesday,79.0,40.0,3.0,4.0,56.0,73.83,862612.34,10919.14,12.0,23.0,149.0,107.0,2023-04-26,2023-04-26,actual
2023-04-27 00:00:00,Thursday,111.0,57.0,2.0,3.0,64.0,95.69,1151420.25,10373.16,20.0,14.0,188.0,116.0,2023-04-27,2023-04-27,actual
2023-04-28 00:00:00,Friday,71.0,9.0,2.0,3.0,56.0,61.74,739500.46,10415.5,27.0,15.0,137.0,115.0,2023-04-28,2023-04-28,actual
2023-04-29 00:00:00,Saturday,57.0,20.0,2.0,3.0,53.0,51.35,697755.46,12241.32,27.0,19.0,130.0,111.0,2023-04-29,2023-04-29,actual
2023-04-30 00:00:00,Sunday,68.0,24.0,1.0,2.0,59.0,59.65,778641.92,11450.62,16.0,16.0,147.0,114.0,2023-04-30,2023-04-30,actual
2023-05-01 00:00:00,Monday,59.0,15.0,1.0,2.0,52.0,52.68,661693.72,11215.15,17.0,18.0,135.0,112.0,2023-05-01,2023-05-01,actual
2023-05-02 00:00:00,Tuesday,52.0,17.0,0.0,2.0,48.0,46.85,591269.93,11370.58,26.0,19.0,114.0,111.0,2023-05-02,2023-05-02,actual
2023-05-04 00:00:00,Thursday,70.0,17.0,0.0,4.0,64.0,67.96,745782.5,10654.04,1.0,27.0,133.0,103.0,2023-05-04,2023-05-04,actual
2023-05-05 00:00:00,Friday,50.0,18.0,0.0,3.0,44.0,45.45,499045.56,9980.91,14.0,20.0,113.0,110.0,2023-05-05,2023-05-05,actual
2023-05-06 00:00:00,Saturday,45.0,17.0,0.0,2.0,41.0,41.28,476123.65,10580.53,14.0,21.0,108.0,109.0,2023-05-06,2023-05-06,actual
2023-05-07 00:00:00,Sunday,47.0,21.0,1.0,2.0,33.0,42.34,491756.22,10462.9,19.0,19.0,110.0,111.0,2023-05-07,2023-05-07,actual
2023-05-08 00:00:00,Monday,41.0,8.0,0.0,2.0,38.0,37.27,432291.6,10543.7,12.0,20.0,100.0,110.0,2023-05-08,2023-05-08,actual
2023-05-09 00:00:00,Tuesday,49.0,26.0,0.0,2.0,30.0,45.37,492985.2,10060.92,12.0,23.0,102.0,108.0,2023-05-09,2023-05-09,actual
2023-05-10 00:00:00,Wednesday,52.0,27.0,1.0,2.0,31.0,54.17,530770.66,10207.13,15.0,39.0,100.0,96.0,2023-05-10,2023-05-10,actual
2023-05-11 00:00:00,Thursday,56.0,19.0,1.0,2.0,40.0,57.73,602406.84,10757.27,12.0,34.0,107.0,97.0,2023-05-11,2023-05-11,actual
2023-05-12 00:00:00,Friday,52.0,22.0,0.0,2.0,37.0,60.47,527240.49,10139.24,19.0,44.0,110.0,86.0,2023-05-12,2023-05-12,actual
2023-05-13 00:00:00,Saturday,54.0,23.0,0.0,2.0,37.0,62.07,553595.95,10251.78,15.0,42.0,120.0,87.0,2023-05-13,2023-05-13,actual
2023-05-14 00:00:00,Sunday,57.0,13.0,0.0,2.0,42.0,57.58,575565.0,10097.63,16.0,32.0,121.0,99.0,2023-05-14,2023-05-14,actual
2023-05-15 00:00:00,Monday,58.0,27.0,0.0,2.0,41.0,59.79,612104.47,10553.53,11.0,33.0,123.0,97.0,2023-05-15,2023-05-15,actual
2023-05-16 00:00:00,Tuesday,52.0,17.0,1.0,2.0,43.0,54.74,538233.44,10350.64,16.0,37.0,122.0,95.0,2023-05-16,2023-05-16,actual
2023-05-17 00:00:00,Wednesday,61.0,28.0,1.0,3.0,45.0,61.0,692549.94,11353.28,15.0,30.0,130.0,100.0,2023-05-17,2023-05-17,actual
2023-05-18 00:00:00,Thursday,64.0,23.0,0.0,3.0,45.0,64.0,705597.57,11024.96,21.0,31.0,132.0,100.0,2023-05-18,2023-05-18,actual
2023-05-19 00:00:00,Friday,57.0,15.0,0.0,4.0,46.0,57.58,632086.22,11089.23,21.0,30.0,129.0,99.0,2023-05-19,2023-05-19,actual
2023-05-20 00:00:00,Saturday,38.0,14.0,0.0,3.0,35.0,41.3,445438.22,11722.06,19.0,39.0,120.0,92.0,2023-05-20,2023-05-20,actual
2023-05-21 00:00:00,Sunday,35.0,21.0,0.0,2.0,22.0,36.08,362268.5,10350.53,26.0,32.0,111.0,97.0,2023-05-21,2023-05-21,actual
2023-05-22 00:00:00,Monday,41.0,25.0,1.0,2.0,24.0,41.41,421124.02,10271.32,11.0,31.0,115.0,99.0,2023-05-22,2023-05-22,actual
2023-05-23 00:00:00,Tuesday,35.0,20.0,0.0,3.0,26.0,37.23,346052.04,9887.2,17.0,37.0,108.0,94.0,2023-05-23,2023-05-23,actual
2023-05-24 00:00:00,Wednesday,48.0,27.0,1.0,3.0,41.0,57.83,452945.08,9436.36,19.0,47.0,130.0,83.0,2023-05-24,2023-05-24,actual
2023-05-25 00:00:00,Thursday,51.0,21.0,0.0,3.0,40.0,53.13,567884.98,11135.0,25.0,35.0,124.0,96.0,2023-05-25,2023-05-25,actual
2023-05-26 00:00:00,Friday,48.0,19.0,0.0,4.0,40.0,47.52,496667.18,10347.23,23.0,29.0,128.0,101.0,2023-05-26,2023-05-26,actual
2023-05-27 00:00:00,Saturday,48.0,21.0,0.0,4.0,33.0,53.93,479273.98,9984.87,18.0,41.0,131.0,89.0,2023-05-27,2023-05-27,actual
2023-05-28 00:00:00,Sunday,51.0,26.0,3.0,5.0,31.0,51.0,455472.59,8930.84,23.0,30.0,126.0,100.0,2023-05-28,2023-05-28,actual
2023-05-29 00:00:00,Monday,54.0,21.0,0.0,2.0,39.0,58.06,520785.26,9644.17,12.0,37.0,119.0,93.0,2023-05-29,2023-05-29,actual
2023-05-30 00:00:00,Tuesday,67.0,31.0,1.0,4.0,43.0,70.53,686424.29,10245.14,12.0,35.0,143.0,95.0,2023-05-30,2023-05-30,actual
2023-05-31 00:00:00,Wednesday,62.0,24.0,1.0,3.0,48.0,56.88,628373.45,10135.06,20.0,21.0,132.0,109.0,2023-05-31,2023-05-31,actual
2023-06-01 00:00:00,Thursday,53.0,14.0,2.0,4.0,44.0,48.62,497650.73,9389.64,19.0,21.0,114.0,109.0,2023-06-01,2023-06-01,actual
2023-06-02 00:00:00,Friday,40.0,14.0,2.0,4.0,37.0,38.83,374952.51,9373.81,10.0,27.0,100.0,103.0,2023-06-02,2023-06-02,actual
2023-06-03 00:00:00,Saturday,32.0,13.0,0.0,2.0,30.0,32.0,305548.97,9548.41,20.0,30.0,89.0,100.0,2023-06-03,2023-06-03,actual
2023-06-04 00:00:00,Sunday,34.0,16.0,0.0,2.0,27.0,33.33,305972.59,8999.19,16.0,28.0,89.0,102.0,2023-06-04,2023-06-04,actual
2023-06-05 00:00:00,Monday,53.0,30.0,0.0,6.0,37.0,51.96,483751.71,9127.39,11.0,33.0,113.0,102.0,2023-06-05,2023-06-05,actual
2023-06-06 00:00:00,Tuesday,50.0,15.0,0.0,7.0,50.0,51.02,471057.84,9421.16,17.0,32.0,117.0,98.0,2023-06-06,2023-06-06,actual
2023-06-07 00:00:00,Wednesday,62.0,31.0,0.0,6.0,47.0,62.0,556622.57,8977.78,22.0,30.0,124.0,100.0,2023-06-07,2023-06-07,actual
2023-06-08 00:00:00,Thursday,68.0,33.0,5.0,3.0,50.0,66.02,644637.73,9479.97,22.0,27.0,142.0,103.0,2023-06-08,2023-06-08,actual
2023-06-09 00:00:00,Friday,61.0,30.0,12.0,3.0,49.0,61.0,604940.78,9917.06,27.0,30.0,153.0,100.0,2023-06-09,2023-06-09,actual
2023-06-10 00:00:00,Saturday,94.0,69.0,5.0,3.0,43.0,81.74,820439.47,8728.08,29.0,15.0,166.0,115.0,2023-06-10,2023-06-10,actual
2023-06-11 00:00:00,Sunday,73.0,7.0,2.0,2.0,27.0,66.97,609492.32,8349.21,25.0,21.0,130.0,109.0,2023-06-11,2023-06-11,actual
2023-06-12 00:00:00,Monday,84.0,14.0,0.0,4.0,31.0,77.06,699298.53,8324.98,11.0,21.0,146.0,109.0,2023-06-12,2023-06-12,actual
2023-06-13 00:00:00,Tuesday,92.0,16.0,0.0,3.0,38.0,83.64,773686.37,8409.63,8.0,20.0,159.0,110.0,2023-06-13,2023-06-13,actual
2023-06-14 00:00:00,Wednesday,62.0,32.0,0.0,3.0,42.0,57.41,555030.69,8952.11,59.0,22.0,137.0,108.0,2023-06-14,2023-06-14,actual
2023-06-15 00:00:00,Thursday,70.0,40.0,1.0,3.0,39.0,67.31,743812.2,10625.89,21.0,26.0,134.0,104.0,2023-06-15,2023-06-15,actual
2023-06-16 00:00:00,Friday,89.0,38.0,0.0,1.0,37.0,81.65,966000.86,10853.94,21.0,21.0,155.0,109.0,2023-06-16,2023-06-16,actual
2023-06-17 00:00:00,Saturday,54.0,19.0,1.0,2.0,30.0,50.47,616054.95,11408.43,23.0,24.0,122.0,107.0,2023-06-17,2023-06-17,actual
2023-06-18 00:00:00,Sunday,62.0,28.0,0.0,2.0,36.0,61.39,570199.64,9196.77,22.0,29.0,134.0,101.0,2023-06-18,2023-06-18,actual
2023-06-19 00:00:00,Monday,65.0,27.0,2.0,2.0,43.0,64.36,631428.74,9714.29,14.0,29.0,133.0,101.0,2023-06-19,2023-06-19,actual
2023-06-20 00:00:00,Tuesday,55.0,30.0,1.0,2.0,39.0,50.0,560662.44,10193.86,22.0,21.0,124.0,110.0,2023-06-20,2023-06-20,actual
2023-06-21 00:00:00,Wednesday,58.0,29.0,1.0,1.0,37.0,53.21,530686.6,9149.77,19.0,21.0,122.0,109.0,2023-06-21,2023-06-21,actual
2023-06-22 00:00:00,Thursday,68.0,22.0,0.0,2.0,45.0,62.96,583084.58,8574.77,12.0,22.0,137.0,108.0,2023-06-22,2023-06-22,actual
2023-06-23 00:00:00,Friday,51.0,14.0,0.0,2.0,36.0,45.95,496082.53,9727.11,12.0,20.0,120.0,111.0,2023-06-23,2023-06-23,actual
2023-06-24 00:00:00,Saturday,36.0,13.0,0.0,2.0,27.0,35.64,326167.94,9060.22,13.0,29.0,97.0,101.0,2023-06-24,2023-06-24,actual
2023-06-25 00:00:00,Sunday,47.0,26.0,1.0,2.0,29.0,43.93,456169.49,9705.73,16.0,23.0,107.0,107.0,2023-06-25,2023-06-25,actual
2023-06-26 00:00:00,Monday,66.0,32.0,0.0,2.0,48.0,62.86,643360.16,9747.88,12.0,25.0,130.0,105.0,2023-06-26,2023-06-26,actual
2023-06-27 00:00:00,Tuesday,64.0,17.0,2.0,3.0,46.0,60.95,665788.11,10402.94,19.0,25.0,127.0,105.0,2023-06-27,2023-06-27,actual
2023-06-28 00:00:00,Wednesday,57.0,22.0,0.0,2.0,39.0,56.44,544349.66,9549.99,19.0,29.0,118.0,101.0,2023-06-28,2023-06-28,actual
2023-06-29 00:00:00,Thursday,66.0,23.0,0.0,2.0,45.0,64.71,666603.47,10100.05,19.0,28.0,137.0,102.0,2023-06-29,2023-06-29,actual
2023-06-30 00:00:00,Friday,77.0,33.0,2.0,2.0,45.0,76.24,779747.25,10126.59,18.0,30.0,151.0,101.0,2023-06-30,2023-06-30,actual
2023-07-01 00:00:00,Saturday,31.0,9.0,2.0,2.0,27.0,30.69,287340.5,9269.05,34.0,29.0,89.0,101.0,2023-07-01,2023-07-01,actual
2023-07-02 00:00:00,Sunday,48.0,29.0,2.0,2.0,26.0,51.61,467298.49,9735.39,10.0,37.0,117.0,93.0,2023-07-02,2023-07-02,actual
2023-07-03 00:00:00,Monday,50.0,21.0,2.0,2.0,37.0,50.51,455690.89,9113.82,15.0,31.0,119.0,99.0,2023-07-03,2023-07-03,actual
2023-07-04 00:00:00,Tuesday,43.0,14.0,0.0,2.0,37.0,43.43,382575.75,8897.11,18.0,31.0,108.0,99.0,2023-07-04,2023-07-04,actual
2023-07-05 00:00:00,Wednesday,68.0,29.0,0.0,2.0,48.0,70.83,597260.07,8783.24,7.0,34.0,139.0,96.0,2023-07-05,2023-07-05,actual
2023-07-06 00:00:00,Thursday,66.0,29.0,0.0,2.0,45.0,68.04,576120.96,8729.11,23.0,34.0,129.0,97.0,2023-07-06,2023-07-06,actual
2023-07-07 00:00:00,Friday,53.0,18.0,0.0,2.0,44.0,59.55,457167.94,8625.81,28.0,41.0,124.0,89.0,2023-07-07,2023-07-07,actual
2023-07-08 00:00:00,Saturday,43.0,13.0,0.0,2.0,39.0,47.78,373520.26,8686.52,20.0,40.0,108.0,90.0,2023-07-08,2023-07-08,actual
2023-07-09 00:00:00,Sunday,57.0,29.0,2.0,2.0,40.0,74.03,495086.44,8685.73,24.0,53.0,124.0,77.0,2023-07-09,2023-07-09,actual
2023-07-10 00:00:00,Monday,61.0,26.0,0.0,3.0,39.0,62.24,528288.26,8660.46,16.0,35.0,120.0,98.0,2023-07-10,2023-07-10,actual
2023-07-11 00:00:00,Tuesday,71.0,25.0,0.0,4.0,49.0,79.78,694508.66,9781.81,6.0,42.0,135.0,89.0,2023-07-11,2023-07-11,actual
2023-07-12 00:00:00,Wednesday,78.0,34.0,1.0,4.0,45.0,75.0,713348.36,9145.49,10.0,28.0,140.0,104.0,2023-07-12,2023-07-12,actual
2023-07-13 00:00:00,Thursday,103.0,52.0,1.0,3.0,46.0,91.96,865626.71,8404.14,30.0,18.0,161.0,112.0,2023-07-13,2023-07-13,actual
2023-07-14 00:00:00,Friday,89.0,26.0,1.0,4.0,40.0,78.76,763502.76,8578.68,19.0,17.0,150.0,113.0,2023-07-14,2023-07-14,actual
2023-07-15 00:00:00,Saturday,75.0,28.0,0.0,3.0,40.0,67.57,636556.61,8487.42,32.0,22.0,145.0,111.0,2023-07-15,2023-07-15,actual
2023-07-16 00:00:00,Sunday,70.0,32.0,0.0,4.0,45.0,65.42,639894.72,9141.35,38.0,23.0,137.0,107.0,2023-07-16,2023-07-16,actual
2023-07-17 00:00:00,Monday,85.0,27.0,0.0,4.0,49.0,75.89,703623.73,8277.93,9.0,18.0,156.0,112.0,2023-07-17,2023-07-17,actual
2023-07-18 00:00:00,Tuesday,95.0,31.0,0.0,3.0,48.0,83.33,787976.73,8294.49,16.0,16.0,162.0,114.0,2023-07-18,2023-07-18,actual
2023-07-19 00:00:00,Wednesday,97.0,42.0,1.0,2.0,39.0,86.61,782860.97,8070.73,34.0,18.0,155.0,112.0,2023-07-19,2023-07-19,actual
2023-07-20 00:00:00,Thursday,108.0,42.0,4.0,3.0,56.0,95.58,874480.03,8097.04,19.0,16.0,173.0,113.0,2023-07-20,2023-07-20,actual
2023-07-21 00:00:00,Friday,95.0,42.0,3.0,4.0,51.0,84.07,765830.44,8061.37,26.0,17.0,174.0,113.0,2023-07-21,2023-07-21,actual
2023-07-22 00:00:00,Saturday,89.0,36.0,2.0,3.0,51.0,80.91,739975.74,8314.33,32.0,20.0,176.0,110.0,2023-07-22,2023-07-22,actual
2023-07-23 00:00:00,Sunday,67.0,31.0,0.0,3.0,40.0,62.62,588324.41,8780.96,53.0,25.0,145.0,107.0,2023-07-23,2023-07-23,actual
2023-07-24 00:00:00,Monday,82.0,35.0,0.0,2.0,53.0,73.21,707788.77,8631.57,12.0,20.0,163.0,112.0,2023-07-24,2023-07-24,actual
2023-07-25 00:00:00,Tuesday,85.0,36.0,1.0,2.0,62.0,79.44,686793.91,8079.93,29.0,22.0,156.0,107.0,2023-07-25,2023-07-25,actual
2023-07-26 00:00:00,Wednesday,85.0,31.0,0.0,3.0,57.0,83.33,699509.92,8229.53,26.0,27.0,161.0,102.0,2023-07-26,2023-07-26,actual
2023-07-27 00:00:00,Thursday,100.0,46.0,0.0,3.0,68.0,88.5,855634.54,8556.35,26.0,17.0,182.0,113.0,2023-07-27,2023-07-27,actual
2023-07-29 00:00:00,Saturday,93.0,49.0,4.0,2.0,54.0,83.78,897938.2,9655.25,33.0,19.0,202.0,111.0,2023-07-29,2023-07-29,actual
2023-07-30 00:00:00,Sunday,88.0,36.0,1.0,3.0,47.0,78.57,804393.51,9140.84,35.0,18.0,189.0,112.0,2023-07-30,2023-07-30,actual
2023-07-31 00:00:00,Monday,101.0,38.0,0.0,2.0,50.0,87.83,907315.97,8983.33,18.0,15.0,190.0,115.0,2023-07-31,2023-07-31,actual
2023-08-01 00:00:00,Tuesday,113.0,53.0,3.0,3.0,48.0,94.96,1044064.57,9239.51,26.0,11.0,218.0,119.0,2023-08-01,2023-08-01,actual
2023-08-02 00:00:00,Wednesday,111.0,27.0,3.0,3.0,51.0,94.87,1019441.86,9184.16,16.0,13.0,206.0,117.0,2023-08-02,2023-08-02,actual
2023-08-03 00:00:00,Thursday,88.0,32.0,0.0,4.0,56.0,77.19,832099.76,9455.68,32.0,18.0,177.0,114.0,2023-08-03,2023-08-03,actual
2023-08-04 00:00:00,Friday,70.0,16.0,2.0,4.0,56.0,66.04,645606.36,9222.95,22.0,24.0,169.0,106.0,2023-08-04,2023-08-04,actual
2023-08-05 00:00:00,Saturday,77.0,33.0,3.0,5.0,49.0,71.96,703751.79,9139.63,19.0,24.0,180.0,107.0,2023-08-05,2023-08-05,actual
2023-08-06 00:00:00,Sunday,65.0,26.0,0.0,4.0,58.0,60.75,603356.83,9282.41,14.0,24.0,150.0,107.0,2023-08-06,2023-08-06,actual
2023-08-07 00:00:00,Monday,73.0,30.0,0.0,4.0,55.0,71.57,696674.63,9543.49,17.0,27.0,150.0,102.0,2023-08-07,2023-08-07,actual
2023-08-08 00:00:00,Tuesday,84.0,38.0,0.0,3.0,58.0,81.55,757055.76,9012.57,23.0,26.0,160.0,103.0,2023-08-08,2023-08-08,actual
2023-08-09 00:00:00,Wednesday,90.0,33.0,1.0,3.0,74.0,87.38,823105.75,9145.62,16.0,26.0,170.0,103.0,2023-08-09,2023-08-09,actual
2023-08-10 00:00:00,Thursday,75.0,21.0,2.0,3.0,66.0,71.43,682007.83,9093.44,26.0,25.0,158.0,105.0,2023-08-10,2023-08-10,actual
2023-08-11 00:00:00,Friday,82.0,31.0,0.0,3.0,69.0,75.93,827185.15,10087.62,23.0,23.0,166.0,108.0,2023-08-11,2023-08-11,actual
2023-08-12 00:00:00,Saturday,70.0,26.0,1.0,2.0,62.0,63.64,764119.82,10916.0,37.0,21.0,168.0,110.0,2023-08-12,2023-08-12,actual
2023-08-13 00:00:00,Sunday,115.0,76.0,0.0,2.0,44.0,98.29,967497.13,8413.02,23.0,13.0,270.0,117.0,2023-08-13,2023-08-13,actual
2023-08-14 00:00:00,Monday,99.0,65.0,0.0,2.0,39.0,83.9,817883.92,8261.45,77.0,12.0,235.0,118.0,2023-08-14,2023-08-14,actual
2023-08-15 00:00:00,Tuesday,49.0,25.0,0.0,4.0,37.0,41.88,500116.62,10206.46,47.0,14.0,135.0,117.0,2023-08-15,2023-08-15,actual
2023-08-16 00:00:00,Wednesday,78.0,39.0,0.0,4.0,50.0,70.91,689909.03,8844.99,7.0,20.0,163.0,110.0,2023-08-16,2023-08-16,actual
2023-08-17 00:00:00,Thursday,75.0,24.0,0.0,4.0,58.0,70.09,645302.23,8604.03,23.0,23.0,160.0,107.0,2023-08-17,2023-08-17,actual
2023-08-18 00:00:00,Friday,72.0,24.0,0.0,4.0,66.0,65.45,642957.48,8929.97,27.0,22.0,170.0,110.0,2023-08-18,2023-08-18,actual
2023-08-20 00:00:00,Sunday,70.0,27.0,2.0,5.0,62.0,60.87,649094.7,9272.78,19.0,15.0,163.0,115.0,2023-08-20,2023-08-20,actual
2023-08-21 00:00:00,Monday,117.0,74.0,2.0,2.0,41.0,96.69,959392.85,8199.94,31.0,9.0,271.0,121.0,2023-08-21,2023-08-21,actual
2023-08-22 00:00:00,Tuesday,118.0,40.0,0.0,2.0,39.0,98.33,938978.82,7957.45,15.0,10.0,264.0,120.0,2023-08-22,2023-08-22,actual
2023-08-23 00:00:00,Wednesday,93.0,59.0,2.0,3.0,52.0,81.58,889200.66,9561.3,42.0,16.0,195.0,114.0,2023-08-23,2023-08-23,actual
2023-08-24 00:00:00,Thursday,109.0,40.0,3.0,4.0,79.0,93.16,1077537.39,9885.66,24.0,13.0,222.0,117.0,2023-08-24,2023-08-24,actual
2023-08-25 00:00:00,Friday,103.0,36.0,0.0,5.0,80.0,88.79,1061233.55,10303.24,29.0,14.0,212.0,116.0,2023-08-25,2023-08-25,actual
2023-08-26 00:00:00,Saturday,96.0,41.0,1.0,4.0,66.0,82.76,983863.87,10248.58,35.0,14.0,205.0,116.0,2023-08-26,2023-08-26,actual
2023-08-27 00:00:00,Sunday,79.0,24.0,2.0,4.0,61.0,72.48,814870.86,10314.82,28.0,21.0,179.0,109.0,2023-08-27,2023-08-27,actual
2023-08-28 00:00:00,Monday,74.0,28.0,0.0,5.0,59.0,69.81,744328.11,10058.49,22.0,24.0,163.0,106.0,2023-08-28,2023-08-28,actual
2023-08-29 00:00:00,Tuesday,60.0,20.0,0.0,5.0,52.0,56.6,516252.47,8604.21,27.0,24.0,143.0,106.0,2023-08-29,2023-08-29,actual
2023-08-30 00:00:00,Wednesday,59.0,17.0,0.0,3.0,54.0,55.14,541064.82,9170.59,12.0,25.0,134.0,107.0,2023-08-30,2023-08-30,actual
2023-08-31 00:00:00,Thursday,65.0,22.0,0.0,3.0,57.0,57.02,666392.25,10252.19,12.0,16.0,140.0,114.0,2023-08-31,2023-08-31,actual
2023-09-01 00:00:00,Friday,66.0,29.0,0.0,3.0,54.0,57.89,803442.71,12173.37,19.0,16.0,159.0,114.0,2023-09-01,2023-09-01,actual
2023-09-02 00:00:00,Saturday,79.0,28.0,0.0,2.0,53.0,71.17,857410.6,10853.3,13.0,19.0,173.0,111.0,2023-09-02,2023-09-02,actual
2023-09-03 00:00:00,Sunday,117.0,69.0,0.0,2.0,43.0,98.32,1481539.62,12662.73,20.0,11.0,191.0,119.0,2023-09-03,2023-09-03,actual
2023-09-04 00:00:00,Monday,116.0,23.0,0.0,2.0,39.0,96.67,1281489.74,11047.33,28.0,10.0,186.0,120.0,2023-09-04,2023-09-04,actual
2023-09-05 00:00:00,Tuesday,82.0,23.0,0.0,2.0,41.0,70.69,862562.75,10519.06,39.0,14.0,142.0,116.0,2023-09-05,2023-09-05,actual
2023-09-06 00:00:00,Wednesday,58.0,13.0,0.0,2.0,25.0,50.88,490716.07,8460.62,32.0,17.0,107.0,114.0,2023-09-06,2023-09-06,actual
2023-09-07 00:00:00,Thursday,67.0,31.0,0.0,0.0,6.0,55.37,985085.0,14702.76,11.0,9.0,122.0,121.0,2023-09-07,2023-09-07,actual
2023-09-08 00:00:00,Friday,85.0,32.0,0.0,3.0,5.0,69.11,1619835.0,19056.88,4.0,8.0,150.0,123.0,2023-09-08,2023-09-08,actual
2023-09-09 00:00:00,Saturday,119.0,42.0,0.0,3.0,6.0,97.54,2791085.0,23454.5,0.0,8.0,185.0,122.0,2023-09-09,2023-09-09,actual
2023-09-10 00:00:00,Sunday,87.0,9.0,0.0,3.0,6.0,71.31,1731085.0,19897.53,36.0,8.0,146.0,122.0,2023-09-10,2023-09-10,actual
2023-09-11 00:00:00,Monday,73.0,66.0,0.0,0.0,15.0,59.84,987829.76,13531.91,12.0,8.0,149.0,122.0,2023-09-11,2023-09-11,actual
2023-09-12 00:00:00,Tuesday,86.0,43.0,0.0,4.0,52.0,71.67,1046770.21,12171.75,9.0,12.0,180.0,120.0,2023-09-12,2023-09-12,actual
2023-09-13 00:00:00,Wednesday,99.0,37.0,1.0,3.0,54.0,83.19,1046358.38,10569.28,8.0,11.0,189.0,119.0,2023-09-13,2023-09-13,actual
2023-09-14 00:00:00,Thursday,110.0,47.0,1.0,3.0,62.0,95.65,1208991.86,10990.84,26.0,15.0,209.0,115.0,2023-09-14,2023-09-14,actual
2023-09-15 00:00:00,Friday,92.0,42.0,3.0,3.0,55.0,78.63,1146998.96,12467.38,27.0,12.0,195.0,117.0,2023-09-15,2023-09-15,actual
2023-09-16 00:00:00,Saturday,114.0,48.0,2.0,2.0,48.0,95.0,1331543.73,11680.21,14.0,10.0,236.0,120.0,2023-09-16,2023-09-16,actual
2023-09-17 00:00:00,Sunday,115.0,33.0,0.0,3.0,57.0,96.64,1304891.37,11346.88,22.0,11.0,223.0,119.0,2023-09-17,2023-09-17,actual
2023-09-18 00:00:00,Monday,105.0,26.0,2.0,3.0,58.0,89.74,1172422.46,11165.93,22.0,13.0,199.0,117.0,2023-09-18,2023-09-18,actual
2023-09-19 00:00:00,Tuesday,88.0,33.0,0.0,3.0,71.0,76.52,1052865.19,11964.38,16.0,15.0,177.0,115.0,2023-09-19,2023-09-19,actual
2023-09-20 00:00:00,Wednesday,89.0,35.0,0.0,3.0,67.0,78.76,1083667.54,12176.04,25.0,17.0,177.0,113.0,2023-09-20,2023-09-20,actual
2023-09-21 00:00:00,Thursday,105.0,41.0,0.0,3.0,77.0,92.92,1219938.48,11618.46,18.0,17.0,210.0,113.0,2023-09-21,2023-09-21,actual
2023-09-22 00:00:00,Friday,110.0,41.0,2.0,2.0,78.0,96.49,1386771.59,12607.01,21.0,15.0,220.0,114.0,2023-09-22,2023-09-22,actual
2023-09-23 00:00:00,Saturday,106.0,33.0,2.0,1.0,77.0,95.5,1358595.12,12816.94,15.0,20.0,209.0,111.0,2023-09-23,2023-09-23,actual
2023-09-24 00:00:00,Sunday,103.0,53.0,1.0,2.0,65.0,91.96,1184307.41,11498.13,29.0,18.0,191.0,112.0,2023-09-24,2023-09-24,actual
2023-09-25 00:00:00,Monday,100.0,35.0,0.0,2.0,85.0,90.91,1105625.09,11056.25,19.0,20.0,179.0,110.0,2023-09-25,2023-09-25,actual
2023-09-26 00:00:00,Tuesday,94.0,31.0,1.0,2.0,74.0,85.45,1095878.83,11658.29,17.0,20.0,174.0,110.0,2023-09-26,2023-09-26,actual
2023-09-27 00:00:00,Wednesday,102.0,41.0,1.0,2.0,71.0,91.07,1271460.35,12465.3,25.0,18.0,187.0,112.0,2023-09-27,2023-09-27,actual
2023-09-28 00:00:00,Thursday,93.0,21.0,2.0,2.0,81.0,83.78,1066292.01,11465.51,10.0,18.0,188.0,111.0,2023-09-28,2023-09-28,actual
2023-09-29 00:00:00,Friday,81.0,37.0,2.0,2.0,61.0,73.64,1008700.74,12453.1,18.0,20.0,185.0,110.0,2023-09-29,2023-09-29,actual
2023-10-01 00:00:00,Sunday,90.0,46.0,5.0,2.0,58.0,83.33,1151038.75,12789.32,26.0,22.0,197.0,108.0,2023-10-01,2023-10-01,actual
2023-10-02 00:00:00,Monday,81.0,32.0,4.0,1.0,59.0,77.14,1029854.58,12714.25,24.0,25.0,183.0,105.0,2023-10-02,2023-10-02,actual
2023-10-03 00:00:00,Tuesday,85.0,39.0,1.0,2.0,48.0,77.27,1118432.07,13158.02,12.0,20.0,171.0,110.0,2023-10-03,2023-10-03,actual
2023-10-04 00:00:00,Wednesday,112.0,59.0,0.0,3.0,61.0,97.39,1480343.08,13217.35,9.0,15.0,193.0,115.0,2023-10-04,2023-10-04,actual
2023-10-05 00:00:00,Thursday,108.0,37.0,0.0,2.0,67.0,94.74,1406001.89,13018.54,31.0,16.0,194.0,114.0,2023-10-05,2023-10-05,actual
2023-10-06 00:00:00,Friday,90.0,26.0,0.0,2.0,77.0,81.82,1205160.45,13390.67,22.0,20.0,185.0,110.0,2023-10-06,2023-10-06,actual
2023-10-07 00:00:00,Saturday,94.0,39.0,0.0,2.0,74.0,85.45,1288336.52,13705.71,21.0,20.0,195.0,110.0,2023-10-07,2023-10-07,actual
2023-10-08 00:00:00,Sunday,102.0,51.0,0.0,2.0,76.0,89.47,1373380.72,13464.52,26.0,16.0,192.0,114.0,2023-10-08,2023-10-08,actual
2023-10-09 00:00:00,Monday,116.0,44.0,0.0,2.0,82.0,98.31,1645576.45,14186.0,18.0,12.0,213.0,118.0,2023-10-09,2023-10-09,actual
2023-10-10 00:00:00,Tuesday,114.0,24.0,0.0,2.0,84.0,97.44,1634601.86,14338.61,10.0,13.0,194.0,117.0,2023-10-10,2023-10-10,actual
2023-10-11 00:00:00,Wednesday,115.0,27.0,0.0,3.0,76.0,97.46,1653719.89,14380.17,9.0,12.0,192.0,118.0,2023-10-11,2023-10-11,actual
2023-10-12 00:00:00,Thursday,115.0,37.0,1.0,2.0,81.0,95.83,1534894.24,13346.91,16.0,10.0,202.0,120.0,2023-10-12,2023-10-12,actual
2023-10-13 00:00:00,Friday,114.0,43.0,1.0,2.0,86.0,95.8,1581842.89,13875.81,23.0,11.0,225.0,119.0,2023-10-13,2023-10-13,actual
2023-10-14 00:00:00,Saturday,107.0,41.0,1.0,2.0,83.0,92.24,1565737.65,14633.06,25.0,14.0,218.0,116.0,2023-10-14,2023-10-14,actual
2023-10-15 00:00:00,Sunday,100.0,28.0,0.0,2.0,78.0,86.96,1374774.66,13747.75,24.0,14.0,199.0,115.0,2023-10-15,2023-10-15,actual
2023-10-16 00:00:00,Monday,99.0,49.0,0.0,3.0,70.0,83.9,1419833.34,14341.75,13.0,12.0,185.0,118.0,2023-10-16,2023-10-16,actual
2023-10-17 00:00:00,Tuesday,98.0,43.0,0.0,3.0,72.0,83.05,1453734.15,14834.02,28.0,12.0,181.0,118.0,2023-10-17,2023-10-17,actual
2023-10-18 00:00:00,Wednesday,116.0,45.0,0.0,3.0,73.0,97.48,1435321.03,12373.46,20.0,11.0,198.0,119.0,2023-10-18,2023-10-18,actual
2023-10-19 00:00:00,Thursday,98.0,51.0,3.0,2.0,61.0,83.76,1349306.46,13768.43,29.0,13.0,191.0,117.0,2023-10-19,2023-10-19,actual
2023-10-20 00:00:00,Friday,86.0,38.0,2.0,3.0,56.0,77.48,1151035.86,13384.14,32.0,19.0,167.0,111.0,2023-10-20,2023-10-20,actual
2023-10-21 00:00:00,Saturday,103.0,43.0,2.0,3.0,80.0,89.57,1411874.18,13707.52,13.0,15.0,199.0,115.0,2023-10-21,2023-10-21,actual
2023-10-22 00:00:00,Sunday,92.0,31.0,1.0,2.0,75.0,80.0,1258736.94,13681.92,10.0,15.0,193.0,115.0,2023-10-22,2023-10-22,actual
2023-10-23 00:00:00,Monday,92.0,30.0,0.0,2.0,65.0,82.88,1209832.9,13150.36,14.0,19.0,179.0,111.0,2023-10-23,2023-10-23,actual
2023-10-24 00:00:00,Tuesday,104.0,44.0,0.0,2.0,69.0,91.23,1360835.06,13084.95,19.0,16.0,191.0,114.0,2023-10-24,2023-10-24,actual
2023-10-25 00:00:00,Wednesday,102.0,26.0,1.0,2.0,63.0,87.18,1293849.44,12684.8,10.0,13.0,187.0,117.0,2023-10-25,2023-10-25,actual
2023-10-26 00:00:00,Thursday,113.0,46.0,2.0,1.0,64.0,96.58,1410312.74,12480.64,21.0,13.0,207.0,117.0,2023-10-26,2023-10-26,actual
2023-10-27 00:00:00,Friday,106.0,37.0,1.0,2.0,67.0,92.17,1402731.23,13233.31,17.0,15.0,205.0,115.0,2023-10-27,2023-10-27,actual
2023-10-28 00:00:00,Saturday,93.0,35.0,4.0,3.0,57.0,78.81,1346670.23,14480.33,24.0,12.0,189.0,118.0,2023-10-28,2023-10-28,actual
2023-10-29 00:00:00,Sunday,110.0,43.0,3.0,3.0,69.0,94.83,1557424.67,14158.41,14.0,14.0,218.0,116.0,2023-10-29,2023-10-29,actual
2023-10-30 00:00:00,Monday,118.0,64.0,0.0,2.0,57.0,98.33,1648680.24,13971.87,29.0,10.0,207.0,120.0,2023-10-30,2023-10-30,actual
2023-10-31 00:00:00,Tuesday,107.0,37.0,1.0,2.0,71.0,89.92,1503243.04,14049.0,13.0,11.0,192.0,119.0,2023-10-31,2023-10-31,actual
2023-11-01 00:00:00,Wednesday,114.0,65.0,0.0,2.0,68.0,97.44,1622011.99,14228.18,20.0,13.0,205.0,117.0,2023-11-01,2023-11-01,actual
2023-11-02 00:00:00,Thursday,112.0,42.0,2.0,2.0,76.0,94.92,1548014.94,13821.56,7.0,14.0,206.0,118.0,2023-11-02,2023-11-02,actual
2023-11-03 00:00:00,Friday,116.0,55.0,3.0,2.0,72.0,95.87,1590531.5,13711.48,10.0,9.0,226.0,121.0,2023-11-03,2023-11-03,actual
2023-11-04 00:00:00,Saturday,111.0,33.0,3.0,2.0,79.0,94.07,1529879.52,13782.7,11.0,12.0,218.0,118.0,2023-11-04,2023-11-04,actual
2023-11-05 00:00:00,Sunday,109.0,48.0,3.0,4.0,77.0,93.97,1534102.72,14074.34,5.0,14.0,224.0,116.0,2023-11-05,2023-11-05,actual
2023-11-06 00:00:00,Monday,116.0,70.0,4.0,0.0,66.0,96.67,1730195.53,14915.48,22.0,10.0,226.0,120.0,2023-11-06,2023-11-06,actual
2023-11-07 00:00:00,Tuesday,112.0,61.0,0.0,3.0,68.0,94.12,1674299.91,14949.11,11.0,11.0,205.0,119.0,2023-11-07,2023-11-07,actual
2023-11-08 00:00:00,Wednesday,89.0,26.0,0.0,3.0,55.0,78.76,1298154.24,14586.0,19.0,17.0,172.0,113.0,2023-11-08,2023-11-08,actual
2023-11-09 00:00:00,Thursday,102.0,63.0,0.0,3.0,54.0,91.07,1545524.19,15152.2,27.0,18.0,206.0,112.0,2023-11-09,2023-11-09,actual
2023-11-10 00:00:00,Friday,86.0,22.0,0.0,3.0,61.0,77.48,1299959.15,15115.8,10.0,19.0,182.0,111.0,2023-11-10,2023-11-10,actual
2023-11-11 00:00:00,Saturday,101.0,60.0,2.0,2.0,50.0,87.83,1544365.7,15290.75,18.0,15.0,217.0,115.0,2023-11-11,2023-11-11,actual
2023-11-12 00:00:00,Sunday,66.0,28.0,0.0,2.0,58.0,55.93,993316.18,15050.25,6.0,12.0,154.0,118.0,2023-11-12,2023-11-12,actual
2023-11-13 00:00:00,Monday,116.0,71.0,2.0,2.0,81.0,96.67,1690854.68,14576.33,7.0,10.0,243.0,120.0,2023-11-13,2023-11-13,actual
2023-11-14 00:00:00,Tuesday,112.0,60.0,4.0,2.0,46.0,92.56,1284339.56,11467.32,24.0,9.0,228.0,121.0,2023-11-14,2023-11-14,actual
2023-11-15 00:00:00,Wednesday,112.0,32.0,4.0,3.0,30.0,94.12,1245098.52,11116.95,11.0,11.0,223.0,119.0,2023-11-15,2023-11-15,actual
2023-11-16 00:00:00,Thursday,118.0,29.0,2.0,1.0,27.0,97.52,1262149.09,10696.18,16.0,9.0,227.0,121.0,2023-11-16,2023-11-16,actual
2023-11-17 00:00:00,Friday,98.0,44.0,1.0,2.0,33.0,83.76,1224584.15,12495.76,5.0,13.0,197.0,117.0,2023-11-17,2023-11-17,actual
2023-11-18 00:00:00,Saturday,116.0,71.0,1.0,2.0,30.0,97.48,1573854.98,13567.72,15.0,11.0,234.0,119.0,2023-11-18,2023-11-18,actual
2023-11-19 00:00:00,Sunday,105.0,47.0,1.0,2.0,42.0,88.24,1431500.21,13633.34,8.0,11.0,214.0,119.0,2023-11-19,2023-11-19,actual
2023-11-20 00:00:00,Monday,111.0,49.0,2.0,2.0,62.0,94.07,1440006.19,12973.03,22.0,12.0,222.0,118.0,2023-11-20,2023-11-20,actual
2023-11-21 00:00:00,Tuesday,107.0,36.0,2.0,2.0,75.0,96.4,1435899.81,13419.62,12.0,19.0,220.0,111.0,2023-11-21,2023-11-21,actual
2023-11-22 00:00:00,Wednesday,113.0,39.0,1.0,2.0,78.0,96.58,1464730.06,12962.21,11.0,13.0,230.0,117.0,2023-11-22,2023-11-22,actual
2023-11-23 00:00:00,Thursday,112.0,48.0,1.0,2.0,89.0,97.39,1548192.84,13823.15,19.0,16.0,226.0,115.0,2023-11-23,2023-11-23,actual
2023-11-24 00:00:00,Friday,107.0,41.0,3.0,3.0,80.0,92.24,1524041.77,14243.38,18.0,14.0,212.0,116.0,2023-11-24,2023-11-24,actual
2023-11-25 00:00:00,Saturday,92.0,53.0,2.0,2.0,62.0,79.31,1335750.37,14519.03,29.0,14.0,191.0,116.0,2023-11-25,2023-11-25,actual
2023-11-26 00:00:00,Sunday,105.0,45.0,3.0,3.0,59.0,91.3,1580360.71,15051.05,18.0,15.0,213.0,115.0,2023-11-26,2023-11-26,actual
2023-11-27 00:00:00,Monday,117.0,36.0,1.0,1.0,63.0,98.32,1653466.75,14132.19,11.0,11.0,228.0,119.0,2023-11-27,2023-11-27,actual
2023-11-28 00:00:00,Tuesday,118.0,69.0,0.0,2.0,80.0,98.33,1932448.56,16376.68,35.0,10.0,236.0,120.0,2023-11-28,2023-11-28,actual
2023-11-29 00:00:00,Wednesday,119.0,45.0,0.0,2.0,92.0,98.35,1911889.13,16066.3,25.0,9.0,234.0,121.0,2023-11-29,2023-11-29,actual
2023-11-30 00:00:00,Thursday,105.0,48.0,1.0,2.0,68.0,88.24,1472440.73,14023.25,30.0,11.0,224.0,119.0,2023-11-30,2023-11-30,actual
2023-12-01 00:00:00,Friday,121.0,87.0,0.0,1.0,23.0,99.18,2113546.59,17467.33,39.0,8.0,241.0,122.0,2023-12-01,2023-12-01,actual
2023-12-02 00:00:00,Saturday,117.0,45.0,0.0,3.0,28.0,97.5,1920214.29,16412.09,34.0,10.0,244.0,120.0,2023-12-02,2023-12-02,actual
2023-12-03 00:00:00,Sunday,99.0,55.0,0.0,2.0,42.0,84.62,1426609.48,14410.2,54.0,13.0,196.0,117.0,2023-12-03,2023-12-03,actual
2023-12-04 00:00:00,Monday,107.0,48.0,0.0,1.0,54.0,91.45,1675094.4,15655.09,26.0,13.0,194.0,117.0,2023-12-04,2023-12-04,actual
2023-12-05 00:00:00,Tuesday,104.0,50.0,4.0,1.0,72.0,91.23,1499616.46,14419.39,28.0,16.0,187.0,114.0,2023-12-05,2023-12-05,actual
2023-12-06 00:00:00,Wednesday,110.0,53.0,3.0,1.0,69.0,94.83,1568969.13,14263.36,23.0,14.0,212.0,116.0,2023-12-06,2023-12-06,actual
2023-12-07 00:00:00,Thursday,111.0,49.0,3.0,2.0,69.0,94.87,1642468.09,14797.01,33.0,13.0,207.0,117.0,2023-12-07,2023-12-07,actual
2023-12-08 00:00:00,Friday,99.0,44.0,0.0,1.0,70.0,91.67,1446192.5,14608.01,39.0,22.0,192.0,108.0,2023-12-08,2023-12-08,actual
2023-12-09 00:00:00,Saturday,93.0,36.0,0.0,1.0,76.0,87.74,1341999.43,14430.1,25.0,24.0,196.0,106.0,2023-12-09,2023-12-09,actual
2023-12-10 00:00:00,Sunday,103.0,47.0,0.0,2.0,83.0,93.64,1581780.28,15357.09,20.0,20.0,211.0,110.0,2023-12-10,2023-12-10,actual
2023-12-11 00:00:00,Monday,106.0,51.0,0.0,2.0,72.0,93.81,1633588.97,15411.22,15.0,17.0,203.0,113.0,2023-12-11,2023-12-11,actual
2023-12-12 00:00:00,Tuesday,105.0,39.0,2.0,2.0,74.0,92.92,1570095.36,14953.29,21.0,17.0,194.0,113.0,2023-12-12,2023-12-12,actual
2023-12-13 00:00:00,Wednesday,94.0,35.0,1.0,2.0,69.0,84.68,1396731.92,14858.85,49.0,19.0,191.0,111.0,2023-12-13,2023-12-13,actual
2023-12-14 00:00:00,Thursday,100.0,49.0,10.0,2.0,70.0,88.5,1447790.87,14477.91,23.0,17.0,219.0,113.0,2023-12-14,2023-12-14,actual
2023-12-15 00:00:00,Friday,106.0,47.0,0.0,2.0,66.0,93.81,1529314.03,14427.49,23.0,17.0,227.0,113.0,2023-12-15,2023-12-15,actual
2023-12-16 00:00:00,Saturday,80.0,29.0,1.0,2.0,53.0,71.43,1086074.85,13575.94,24.0,18.0,189.0,112.0,2023-12-16,2023-12-16,actual
2023-12-17 00:00:00,Sunday,101.0,46.0,1.0,2.0,59.0,88.6,1396493.87,13826.67,12.0,16.0,226.0,114.0,2023-12-17,2023-12-17,actual
2023-12-18 00:00:00,Monday,99.0,32.0,0.0,2.0,64.0,88.39,1392930.48,14070.0,9.0,18.0,210.0,112.0,2023-12-18,2023-12-18,actual
2023-12-19 00:00:00,Tuesday,93.0,46.0,1.0,2.0,51.0,86.11,1334653.62,14351.11,21.0,22.0,193.0,108.0,2023-12-19,2023-12-19,actual
2023-12-20 00:00:00,Wednesday,95.0,38.0,1.0,2.0,57.0,84.82,1353812.71,14250.66,22.0,18.0,208.0,112.0,2023-12-20,2023-12-20,actual
2023-12-21 00:00:00,Thursday,104.0,37.0,1.0,2.0,69.0,92.04,1335335.8,12839.77,19.0,17.0,227.0,113.0,2023-12-21,2023-12-21,actual
2023-12-22 00:00:00,Friday,99.0,39.0,1.0,2.0,67.0,87.61,1306134.81,13193.28,30.0,17.0,213.0,113.0,2023-12-22,2023-12-22,actual
2023-12-23 00:00:00,Saturday,98.0,44.0,2.0,2.0,66.0,85.22,1362013.42,13898.1,12.0,15.0,225.0,115.0,2023-12-23,2023-12-23,actual
2023-12-24 00:00:00,Sunday,93.0,35.0,1.0,3.0,61.0,80.87,1303092.81,14011.75,18.0,15.0,233.0,115.0,2023-12-24,2023-12-24,actual
2023-12-25 00:00:00,Monday,88.0,25.0,2.0,2.0,65.0,79.28,1242233.78,14116.29,10.0,19.0,225.0,111.0,2023-12-25,2023-12-25,actual
2023-12-26 00:00:00,Tuesday,91.0,45.0,2.0,2.0,85.0,78.45,1384890.4,15218.58,2.0,14.0,228.0,116.0,2023-12-26,2023-12-26,actual
2023-12-27 00:00:00,Wednesday,92.0,39.0,6.0,2.0,88.0,81.42,1208279.67,13133.47,15.0,17.0,244.0,113.0,2023-12-27,2023-12-27,actual
2023-12-28 00:00:00,Thursday,105.0,57.0,8.0,2.0,77.0,91.3,1348798.42,12845.7,10.0,15.0,270.0,115.0,2023-12-28,2023-12-28,actual
2023-12-29 00:00:00,Friday,96.0,31.0,2.0,2.0,64.0,84.96,1236974.58,12885.15,24.0,17.0,239.0,113.0,2023-12-29,2023-12-29,actual
2023-12-30 00:00:00,Saturday,79.0,32.0,3.0,2.0,57.0,71.17,1049811.6,13288.75,19.0,19.0,205.0,111.0,2023-12-30,2023-12-30,actual
2023-12-31 00:00:00,Sunday,90.0,43.0,5.0,2.0,71.0,82.57,1243378.38,13815.32,18.0,21.0,232.0,109.0,2023-12-31,2023-12-31,actual
2024-01-01 00:00:00,Monday,70.0,32.0,5.0,2.0,50.0,61.95,915181.36,13074.02,41.0,17.0,189.0,113.0,2024-01-01,2024-01-01,actual
2024-01-02 00:00:00,Tuesday,78.0,42.0,6.0,3.0,46.0,75.73,1041319.17,13350.25,11.0,27.0,186.0,103.0,2024-01-02,2024-01-02,actual
2024-01-03 00:00:00,Wednesday,85.0,30.0,1.0,3.0,43.0,80.19,1128582.74,13277.44,13.0,24.0,186.0,106.0,2024-01-03,2024-01-03,actual
2024-01-04 00:00:00,Thursday,103.0,42.0,1.0,3.0,55.0,94.5,1301318.45,12634.16,17.0,21.0,222.0,109.0,2024-01-04,2024-01-04,actual
2024-01-05 00:00:00,Friday,83.0,25.0,0.0,3.0,64.0,76.85,1017253.26,12256.06,10.0,22.0,202.0,108.0,2024-01-05,2024-01-05,actual
2024-01-06 00:00:00,Saturday,67.0,36.0,5.0,3.0,50.0,59.82,917871.06,13699.57,13.0,18.0,179.0,112.0,2024-01-06,2024-01-06,actual
2024-01-07 00:00:00,Sunday,65.0,31.0,4.0,3.0,49.0,58.04,882099.2,13570.76,6.0,17.0,170.0,112.0,2024-01-07,2024-01-07,actual
2024-01-08 00:00:00,Monday,90.0,48.0,1.0,4.0,53.0,79.65,1264334.6,14048.16,12.0,17.0,210.0,113.0,2024-01-08,2024-01-08,actual
2024-01-09 00:00:00,Tuesday,73.0,16.0,0.0,4.0,53.0,66.36,1021115.92,13987.89,18.0,20.0,181.0,110.0,2024-01-09,2024-01-09,actual
2024-01-10 00:00:00,Wednesday,63.0,23.0,0.0,3.0,52.0,56.25,860222.77,13654.33,13.0,18.0,161.0,112.0,2024-01-10,2024-01-10,actual
2024-01-11 00:00:00,Thursday,92.0,57.0,1.0,3.0,54.0,80.0,1417710.86,15409.9,15.0,15.0,193.0,115.0,2024-01-11,2024-01-11,actual
2024-01-12 00:00:00,Friday,98.0,38.0,0.0,3.0,67.0,88.29,1490268.11,15206.82,18.0,19.0,203.0,111.0,2024-01-12,2024-01-12,actual
2024-01-13 00:00:00,Saturday,76.0,18.0,0.0,3.0,61.0,70.37,1168390.59,15373.56,23.0,22.0,157.0,108.0,2024-01-13,2024-01-13,actual
2024-01-14 00:00:00,Sunday,73.0,29.0,0.0,3.0,53.0,65.77,1171231.16,16044.26,12.0,19.0,162.0,111.0,2024-01-14,2024-01-14,actual
2024-01-15 00:00:00,Monday,100.0,40.0,0.0,3.0,55.0,90.09,1508851.47,15088.51,6.0,19.0,200.0,111.0,2024-01-15,2024-01-15,actual
2024-01-16 00:00:00,Tuesday,108.0,36.0,0.0,3.0,62.0,95.58,1651958.84,15295.92,11.0,18.0,196.0,113.0,2024-01-16,2024-01-16,actual
2024-01-17 00:00:00,Wednesday,113.0,41.0,0.0,3.0,55.0,97.41,1632140.96,14443.73,10.0,14.0,212.0,116.0,2024-01-17,2024-01-17,actual
2024-01-18 00:00:00,Thursday,113.0,27.0,0.0,3.0,63.0,97.41,1669495.39,14774.3,13.0,14.0,216.0,116.0,2024-01-18,2024-01-18,actual
2024-01-19 00:00:00,Friday,92.0,30.0,1.0,3.0,61.0,82.14,1368821.01,14878.49,31.0,18.0,189.0,112.0,2024-01-19,2024-01-19,actual
2024-02-12 00:00:00,Monday,113.0,3.0,4.0,3.0,62.0,94.17,1588985.07,14061.81,0.0,10.0,245.0,120.0,2024-02-12,2024-02-12,actual
2024-02-13 00:00:00,Tuesday,108.0,10.0,0.0,4.0,71.0,91.53,1352697.5,12524.98,1.0,12.0,220.0,118.0,2024-02-13,2024-02-13,actual
2024-02-14 00:00:00,Wednesday,114.0,29.0,1.0,4.0,59.0,95.8,1598470.83,14021.67,0.0,11.0,215.0,119.0,2024-02-14,2024-02-14,actual
2024-02-15 00:00:00,Thursday,116.0,10.0,1.0,3.0,68.0,96.67,1899626.71,16376.09,0.0,10.0,228.0,120.0,2024-02-15,2024-02-15,actual
2024-02-16 00:00:00,Friday,114.0,11.0,2.0,3.0,79.0,95.8,1747907.55,15332.52,0.0,11.0,239.0,119.0,2024-02-16,2024-02-16,actual
2024-02-17 00:00:00,Saturday,112.0,13.0,2.0,4.0,88.0,94.92,1749079.05,15616.78,1.0,12.0,247.0,118.0,2024-02-17,2024-02-17,actual
2024-02-18 00:00:00,Sunday,105.0,17.0,1.0,4.0,82.0,88.24,1539632.48,14663.17,1.0,11.0,235.0,119.0,2024-02-18,2024-02-18,actual
2024-02-19 00:00:00,Monday,115.0,15.0,0.0,2.0,81.0,98.29,1777270.67,15454.53,0.0,13.0,247.0,117.0,2024-02-19,2024-02-19,actual
2024-02-20 00:00:00,Tuesday,97.0,7.0,0.0,3.0,86.0,82.2,1375432.97,14179.72,0.0,12.0,215.0,118.0,2024-02-20,2024-02-20,actual
2024-02-21 00:00:00,Wednesday,110.0,54.0,0.0,3.0,32.0,94.83,1405246.83,12774.97,0.0,14.0,192.0,116.0,2024-02-21,2024-02-21,actual
2024-02-22 00:00:00,Thursday,119.0,28.0,0.0,2.0,30.0,98.35,1945443.26,16348.26,0.0,9.0,215.0,121.0,2024-02-22,2024-02-22,actual
2024-02-23 00:00:00,Friday,118.0,4.0,0.0,2.0,25.0,98.33,1762872.97,14939.6,0.0,10.0,228.0,120.0,2024-02-23,2024-02-23,actual
2024-02-24 00:00:00,Saturday,116.0,1.0,0.0,5.0,26.0,95.87,1679875.91,14481.69,0.0,9.0,228.0,121.0,2024-02-24,2024-02-24,actual
2024-02-25 00:00:00,Sunday,103.0,14.0,0.0,3.0,59.0,88.03,1566230.44,15206.12,0.0,13.0,198.0,117.0,2024-02-25,2024-02-25,actual
2024-02-26 00:00:00,Monday,119.0,7.0,0.0,2.0,77.0,98.35,1847581.42,15525.89,0.0,9.0,232.0,121.0,2024-02-26,2024-02-26,actual
2024-02-27 00:00:00,Tuesday,118.0,10.0,0.0,2.0,77.0,98.33,1948334.35,16511.31,1.0,10.0,229.0,120.0,2024-02-27,2024-02-27,actual
2024-02-28 00:00:00,Wednesday,115.0,28.0,3.0,3.0,60.0,95.04,1818029.51,15808.95,1.0,9.0,224.0,121.0,2024-02-28,2024-02-28,actual
2024-02-29 00:00:00,Thursday,103.0,14.0,3.0,3.0,63.0,94.5,1506707.12,14628.22,0.0,21.0,206.0,109.0,2024-02-29,2024-02-29,actual
2024-03-01 00:00:00,Friday,115.0,7.0,4.0,2.0,52.0,95.04,1610609.2,14005.3,0.0,9.0,229.0,121.0,2024-03-01,2024-03-01,actual
2024-03-02 00:00:00,Saturday,108.0,7.0,3.0,3.0,55.0,94.74,1451677.22,13441.46,0.0,16.0,226.0,114.0,2024-03-02,2024-03-02,actual
2024-03-03 00:00:00,Sunday,105.0,3.0,3.0,2.0,60.0,89.74,1371042.49,13057.55,0.0,13.0,220.0,117.0,2024-03-03,2024-03-03,actual
2024-03-04 00:00:00,Monday,109.0,28.0,2.0,3.0,63.0,90.83,1434155.89,13157.39,0.0,10.0,210.0,120.0,2024-03-04,2024-03-04,actual
2024-03-05 00:00:00,Tuesday,116.0,6.0,1.0,3.0,72.0,95.87,1482320.51,12778.63,0.0,10.0,228.0,121.0,2024-03-05,2024-03-05,actual
2024-03-06 00:00:00,Wednesday,118.0,8.0,1.0,2.0,68.0,97.52,1666811.3,14125.52,0.0,9.0,225.0,121.0,2024-03-06,2024-03-06,actual
2024-03-07 00:00:00,Thursday,118.0,14.0,1.0,2.0,96.0,97.52,1726264.64,14629.36,1.0,9.0,218.0,121.0,2024-03-07,2024-03-07,actual
2024-03-08 00:00:00,Friday,114.0,21.0,1.0,3.0,73.0,96.61,1662581.68,14584.05,0.0,12.0,220.0,118.0,2024-03-08,2024-03-08,actual
2024-03-09 00:00:00,Saturday,114.0,5.0,2.0,4.0,80.0,94.21,1648242.87,14458.27,0.0,9.0,225.0,121.0,2024-03-09,2024-03-09,actual
2024-03-10 00:00:00,Sunday,113.0,25.0,2.0,3.0,85.0,94.96,1558950.25,13796.02,0.0,11.0,213.0,119.0,2024-03-10,2024-03-10,actual
2024-03-11 00:00:00,Monday,116.0,13.0,1.0,3.0,84.0,96.67,1664346.46,14347.81,0.0,10.0,212.0,120.0,2024-03-11,2024-03-11,actual
2024-03-12 00:00:00,Tuesday,118.0,43.0,1.0,2.0,69.0,97.52,1811215.53,15349.28,0.0,9.0,212.0,121.0,2024-03-12,2024-03-12,actual
2024-03-13 00:00:00,Wednesday,117.0,13.0,2.0,2.0,51.0,96.69,1743307.96,14900.07,1.0,9.0,226.0,121.0,2024-03-13,2024-03-13,actual
2024-03-14 00:00:00,Thursday,117.0,11.0,1.0,2.0,76.0,97.5,1762683.25,15065.67,1.0,10.0,217.0,120.0,2024-03-14,2024-03-14,actual
2024-03-15 00:00:00,Friday,117.0,24.0,1.0,2.0,57.0,97.5,1732379.15,14806.66,0.0,10.0,237.0,120.0,2024-03-15,2024-03-15,actual
2024-03-16 00:00:00,Saturday,119.0,15.0,0.0,2.0,68.0,98.35,1687679.46,14182.18,0.0,9.0,241.0,121.0,2024-03-16,2024-03-16,actual
2024-03-17 00:00:00,Sunday,118.0,16.0,0.0,3.0,68.0,97.52,1626681.57,13785.44,0.0,9.0,236.0,121.0,2024-03-17,2024-03-17,actual
2024-03-18 00:00:00,Monday,94.0,18.0,0.0,3.0,80.0,84.68,1252778.1,13327.43,0.0,19.0,186.0,111.0,2024-03-18,2024-03-18,actual
2024-03-19 00:00:00,Tuesday,99.0,14.0,0.0,3.0,77.0,94.29,1277603.29,12905.08,0.0,25.0,185.0,105.0,2024-03-19,2024-03-19,actual
2024-03-20 00:00:00,Wednesday,99.0,16.0,1.0,3.0,58.0,95.19,1312934.37,13261.96,0.0,26.0,187.0,104.0,2024-03-20,2024-03-20,actual
2024-03-21 00:00:00,Thursday,98.0,14.0,0.0,4.0,72.0,95.15,1428565.04,14577.19,0.0,27.0,183.0,103.0,2024-03-21,2024-03-21,actual
2024-03-22 00:00:00,Friday,91.0,10.0,2.0,3.0,76.0,89.22,1422538.28,15632.29,0.0,28.0,185.0,102.0,2024-03-22,2024-03-22,actual
2024-03-23 00:00:00,Saturday,90.0,14.0,2.0,2.0,71.0,87.38,1402623.91,15584.71,0.0,27.0,189.0,103.0,2024-03-23,2024-03-23,actual
2024-03-24 00:00:00,Sunday,70.0,5.0,0.0,3.0,64.0,69.31,1027095.58,14672.79,0.0,29.0,160.0,101.0,2024-03-24,2024-03-24,actual
2024-03-25 00:00:00,Monday,83.0,7.0,2.0,2.0,74.0,83.0,1219616.82,14694.18,0.0,30.0,180.0,100.0,2024-03-25,2024-03-25,actual
2024-03-26 00:00:00,Tuesday,78.0,9.0,1.0,3.0,73.0,76.47,1155158.75,14809.73,0.0,28.0,168.0,102.0,2024-03-26,2024-03-26,actual
2024-03-27 00:00:00,Wednesday,93.0,14.0,0.0,3.0,85.0,90.29,1432230.15,15400.32,0.0,27.0,194.0,103.0,2024-03-27,2024-03-27,actual
2024-03-28 00:00:00,Thursday,98.0,13.0,2.0,3.0,79.0,95.15,1498883.6,15294.73,0.0,27.0,210.0,103.0,2024-03-28,2024-03-28,actual
2024-03-29 00:00:00,Friday,98.0,3.0,1.0,3.0,75.0,96.08,1489786.23,15201.9,1.0,28.0,217.0,102.0,2024-03-29,2024-03-29,actual
2024-03-30 00:00:00,Saturday,99.0,7.0,2.0,3.0,66.0,95.19,1429297.58,14437.35,0.0,26.0,211.0,104.0,2024-03-30,2024-03-30,actual
2024-03-31 00:00:00,Sunday,76.0,3.0,1.0,2.0,65.0,74.51,1046477.25,13769.44,0.0,28.0,164.0,102.0,2024-03-31,2024-03-31,actual
2024-04-01 00:00:00,Monday,88.0,16.0,0.0,3.0,74.0,90.72,1149776.57,13065.64,0.0,33.0,175.0,97.0,2024-04-01,2024-04-01,actual
2024-04-02 00:00:00,Tuesday,89.0,17.0,5.0,3.0,78.0,88.12,1155699.38,12985.39,0.0,29.0,177.0,101.0,2024-04-02,2024-04-02,actual
2024-04-03 00:00:00,Wednesday,87.0,14.0,4.0,4.0,71.0,87.88,1083379.92,12452.64,0.0,31.0,175.0,99.0,2024-04-03,2024-04-03,actual
2024-04-04 00:00:00,Thursday,92.0,10.0,2.0,5.0,78.0,92.93,1149644.39,12496.13,0.0,31.0,189.0,99.0,2024-04-04,2024-04-04,actual
2024-04-05 00:00:00,Friday,89.0,6.0,1.0,5.0,77.0,91.75,1091892.59,12268.46,0.0,33.0,179.0,97.0,2024-04-05,2024-04-05,actual
2024-04-06 00:00:00,Saturday,89.0,10.0,0.0,5.0,73.0,90.82,1094323.66,12295.77,0.0,32.0,179.0,98.0,2024-04-06,2024-04-06,actual
2024-04-07 00:00:00,Sunday,89.0,19.0,0.0,3.0,67.0,91.75,1129581.0,12691.92,0.0,33.0,173.0,97.0,2024-04-07,2024-04-07,actual
2024-04-08 00:00:00,Monday,88.0,9.0,0.0,3.0,72.0,90.72,1279382.42,14538.44,0.0,33.0,168.0,97.0,2024-04-08,2024-04-08,actual
2024-04-09 00:00:00,Tuesday,76.0,7.0,0.0,3.0,59.0,76.77,953413.35,12544.91,0.0,31.0,147.0,99.0,2024-04-09,2024-04-09,actual
2024-04-10 00:00:00,Wednesday,89.0,7.0,2.0,3.0,77.0,90.82,1124181.41,12631.25,0.0,32.0,171.0,98.0,2024-04-10,2024-04-10,actual
2024-04-11 00:00:00,Thursday,96.0,5.0,4.0,4.0,74.0,93.2,1168774.15,12174.73,0.0,27.0,172.0,103.0,2024-04-11,2024-04-11,actual
2024-04-12 00:00:00,Friday,98.0,9.0,4.0,2.0,66.0,94.23,1153404.22,11769.43,0.0,26.0,173.0,104.0,2024-04-12,2024-04-12,actual
2024-04-13 00:00:00,Saturday,96.0,5.0,4.0,2.0,57.0,93.2,1140483.6,11880.04,0.0,27.0,166.0,103.0,2024-04-13,2024-04-13,actual
2024-04-14 00:00:00,Sunday,76.0,7.0,1.0,2.0,57.0,74.51,876736.66,11536.01,0.0,28.0,142.0,102.0,2024-04-14,2024-04-14,actual
2024-04-15 00:00:00,Monday,84.0,14.0,2.0,4.0,75.0,84.85,998764.54,11890.05,0.0,31.0,149.0,99.0,2024-04-15,2024-04-15,actual
2024-04-16 00:00:00,Tuesday,77.0,13.0,4.0,3.0,71.0,77.78,938852.1,12192.88,0.0,31.0,145.0,99.0,2024-04-16,2024-04-16,actual
2024-04-17 00:00:00,Wednesday,78.0,15.0,7.0,3.0,70.0,81.25,942242.04,12080.03,0.0,34.0,149.0,96.0,2024-04-17,2024-04-17,actual
2024-04-18 00:00:00,Thursday,78.0,15.0,6.0,3.0,70.0,77.23,1006345.93,12901.87,0.0,29.0,150.0,101.0,2024-04-18,2024-04-18,actual
2024-04-19 00:00:00,Friday,85.0,9.0,4.0,3.0,69.0,84.16,1000639.56,11772.23,0.0,29.0,159.0,101.0,2024-04-19,2024-04-19,actual
2024-04-20 00:00:00,Saturday,71.0,7.0,5.0,3.0,67.0,71.0,922491.97,12992.84,0.0,30.0,148.0,100.0,2024-04-20,2024-04-20,actual
2024-04-21 00:00:00,Sunday,90.0,40.0,0.0,2.0,50.0,90.0,1041696.76,11574.41,0.0,30.0,150.0,100.0,2024-04-21,2024-04-21,actual
2024-04-22 00:00:00,Monday,99.0,7.0,0.0,3.0,63.0,97.06,1188608.12,12006.14,1.0,28.0,159.0,102.0,2024-04-22,2024-04-22,actual
2024-04-23 00:00:00,Tuesday,98.0,9.0,1.0,3.0,61.0,96.08,1148518.78,11719.58,0.0,28.0,158.0,102.0,2024-04-23,2024-04-23,actual
2024-04-24 00:00:00,Wednesday,99.0,6.0,0.0,3.0,65.0,96.12,1219052.98,12313.67,0.0,28.0,162.0,103.0,2024-04-24,2024-04-24,actual
2024-04-25 00:00:00,Thursday,97.0,1.0,2.0,2.0,67.0,95.1,1103961.1,11381.04,0.0,28.0,159.0,102.0,2024-04-25,2024-04-25,actual
2024-04-26 00:00:00,Friday,72.0,9.0,1.0,3.0,66.0,70.59,897390.96,12463.76,0.0,28.0,139.0,102.0,2024-04-26,2024-04-26,actual
2024-04-27 00:00:00,Saturday,65.0,11.0,2.0,3.0,54.0,66.33,809452.6,12453.12,1.0,32.0,129.0,98.0,2024-04-27,2024-04-27,actual
2024-04-28 00:00:00,Sunday,67.0,10.0,2.0,3.0,50.0,67.0,834499.86,12455.22,0.0,30.0,124.0,100.0,2024-04-28,2024-04-28,actual
2024-04-29 00:00:00,Monday,74.0,13.0,1.0,3.0,56.0,76.29,868038.72,11730.25,0.0,33.0,127.0,97.0,2024-04-29,2024-04-29,actual
2024-04-30 00:00:00,Tuesday,78.0,11.0,0.0,2.0,59.0,79.59,1044282.71,13388.24,0.0,32.0,129.0,98.0,2024-04-30,2024-04-30,actual
2024-05-01 00:00:00,Wednesday,78.0,3.0,0.0,3.0,56.0,78.79,934588.14,11981.9,0.0,31.0,136.0,99.0,2024-05-01,2024-05-01,actual
2024-05-02 00:00:00,Thursday,80.0,8.0,0.0,2.0,61.0,81.63,946187.72,11827.35,0.0,32.0,148.0,98.0,2024-05-02,2024-05-02,actual
2024-05-03 00:00:00,Friday,56.0,3.0,2.0,3.0,54.0,57.73,676699.75,12083.92,0.0,33.0,118.0,97.0,2024-05-03,2024-05-03,actual
2024-05-04 00:00:00,Saturday,56.0,4.0,3.0,3.0,55.0,56.0,700481.25,12508.59,0.0,30.0,115.0,100.0,2024-05-04,2024-05-04,actual
2024-05-05 00:00:00,Sunday,75.0,17.0,1.0,3.0,59.0,75.76,941057.14,12547.43,0.0,31.0,152.0,99.0,2024-05-05,2024-05-05,actual
2024-05-06 00:00:00,Monday,66.0,9.0,0.0,2.0,62.0,68.04,766241.16,11609.71,1.0,33.0,121.0,97.0,2024-05-06,2024-05-06,actual
2024-05-07 00:00:00,Tuesday,58.0,19.0,0.0,3.0,43.0,59.18,704501.1,12146.57,16.0,32.0,104.0,98.0,2024-05-07,2024-05-07,actual
2024-05-08 00:00:00,Wednesday,69.0,19.0,1.0,5.0,53.0,69.7,831110.2,12045.08,11.0,31.0,123.0,99.0,2024-05-08,2024-05-08,actual
2024-05-09 00:00:00,Thursday,58.0,16.0,0.0,4.0,47.0,58.59,706544.63,12181.8,23.0,31.0,102.0,99.0,2024-05-09,2024-05-09,actual
2024-05-10 00:00:00,Friday,54.0,17.0,1.0,3.0,45.0,57.45,665148.83,12317.57,9.0,36.0,106.0,94.0,2024-05-10,2024-05-10,actual
2024-05-11 00:00:00,Saturday,51.0,17.0,0.0,3.0,33.0,52.58,577482.23,11323.18,14.0,33.0,98.0,97.0,2024-05-11,2024-05-11,actual
2024-05-12 00:00:00,Sunday,49.0,11.0,0.0,3.0,42.0,50.52,580394.85,11844.79,14.0,33.0,95.0,97.0,2024-05-12,2024-05-12,actual
2024-05-13 00:00:00,Monday,69.0,28.0,1.0,4.0,46.0,70.41,824497.21,11949.23,6.0,32.0,127.0,98.0,2024-05-13,2024-05-13,actual
2024-05-14 00:00:00,Tuesday,71.0,15.0,1.0,2.0,54.0,72.45,801140.72,11283.67,15.0,32.0,124.0,98.0,2024-05-14,2024-05-14,actual
2024-05-15 00:00:00,Wednesday,72.0,19.0,0.0,2.0,55.0,72.73,809540.86,11243.62,15.0,31.0,128.0,99.0,2024-05-15,2024-05-15,actual
2024-05-16 00:00:00,Thursday,69.0,15.0,0.0,2.0,59.0,70.41,801052.27,11609.45,12.0,32.0,120.0,98.0,2024-05-16,2024-05-16,actual
2024-05-17 00:00:00,Friday,55.0,9.0,0.0,2.0,49.0,55.56,620877.68,11288.69,19.0,31.0,97.0,99.0,2024-05-17,2024-05-17,actual
2024-05-18 00:00:00,Saturday,57.0,10.0,0.0,2.0,48.0,57.58,623564.08,10939.72,2.0,31.0,106.0,99.0,2024-05-18,2024-05-18,actual
2024-05-19 00:00:00,Sunday,64.0,19.0,0.0,3.0,58.0,65.31,708939.77,11077.18,12.0,32.0,109.0,98.0,2024-05-19,2024-05-19,actual
2024-05-20 00:00:00,Monday,73.0,18.0,0.0,3.0,65.0,74.49,878936.91,12040.23,9.0,32.0,121.0,98.0,2024-05-20,2024-05-20,actual
2024-05-21 00:00:00,Tuesday,61.0,11.0,0.0,3.0,54.0,62.24,658620.26,10797.05,11.0,32.0,105.0,98.0,2024-05-21,2024-05-21,actual
2024-05-22 00:00:00,Wednesday,51.0,13.0,1.0,3.0,40.0,54.84,552450.34,10832.36,14.0,37.0,90.0,93.0,2024-05-22,2024-05-22,actual
2024-05-23 00:00:00,Thursday,51.0,6.0,0.0,3.0,45.0,57.95,548604.46,10756.95,13.0,42.0,91.0,88.0,2024-05-23,2024-05-23,actual
2024-05-24 00:00:00,Friday,42.0,10.0,1.0,3.0,32.0,46.15,475862.44,11330.06,7.0,39.0,81.0,91.0,2024-05-24,2024-05-24,actual
2024-05-25 00:00:00,Saturday,58.0,21.0,1.0,3.0,41.0,65.91,663758.86,11444.12,6.0,42.0,110.0,88.0,2024-05-25,2024-05-25,actual
2024-05-26 00:00:00,Sunday,64.0,23.0,1.0,3.0,45.0,70.33,725462.83,11335.36,8.0,39.0,108.0,91.0,2024-05-26,2024-05-26,actual
2024-05-27 00:00:00,Monday,63.0,14.0,1.0,3.0,52.0,71.59,720462.21,11435.91,9.0,42.0,106.0,88.0,2024-05-27,2024-05-27,actual
2024-05-28 00:00:00,Tuesday,70.0,21.0,1.0,4.0,53.0,83.33,766903.09,10955.76,11.0,46.0,116.0,84.0,2024-05-28,2024-05-28,actual
2024-05-29 00:00:00,Wednesday,68.0,24.0,1.0,3.0,49.0,77.27,753117.75,11075.26,15.0,42.0,118.0,88.0,2024-05-29,2024-05-29,actual
2024-05-30 00:00:00,Thursday,62.0,14.0,1.0,2.0,50.0,70.45,678594.85,10945.08,14.0,42.0,113.0,88.0,2024-05-30,2024-05-30,actual
2024-05-31 00:00:00,Friday,48.0,9.0,0.0,2.0,41.0,57.14,498578.12,10387.04,23.0,46.0,89.0,84.0,2024-05-31,2024-05-31,actual
2024-06-01 00:00:00,Saturday,40.0,12.0,0.0,2.0,31.0,47.62,458218.14,11455.45,17.0,46.0,81.0,84.0,2024-06-01,2024-06-01,actual
2024-06-02 00:00:00,Sunday,54.0,23.0,1.0,2.0,33.0,59.34,579783.32,10736.73,15.0,39.0,100.0,91.0,2024-06-02,2024-06-02,actual
2024-06-03 00:00:00,Monday,63.0,12.0,1.0,2.0,43.0,74.12,744127.38,11811.55,7.0,45.0,106.0,85.0,2024-06-03,2024-06-03,actual
2024-06-04 00:00:00,Tuesday,60.0,13.0,6.0,4.0,43.0,70.59,710264.38,11837.74,12.0,45.0,116.0,85.0,2024-06-04,2024-06-04,actual
2024-06-05 00:00:00,Wednesday,78.0,30.0,7.0,4.0,44.0,87.64,851376.57,10915.08,10.0,41.0,140.0,89.0,2024-06-05,2024-06-05,actual
2024-06-06 00:00:00,Thursday,76.0,19.0,7.0,4.0,39.0,87.36,846064.07,11132.42,14.0,43.0,136.0,87.0,2024-06-06,2024-06-06,actual
2024-06-07 00:00:00,Friday,79.0,24.0,0.0,3.0,38.0,89.77,893640.33,11311.9,11.0,42.0,138.0,88.0,2024-06-07,2024-06-07,actual
2024-06-08 00:00:00,Saturday,87.0,51.0,1.0,3.0,36.0,95.6,920928.67,10585.39,22.0,39.0,141.0,91.0,2024-06-08,2024-06-08,actual
2024-06-09 00:00:00,Sunday,89.0,12.0,1.0,3.0,38.0,95.7,966595.65,10860.63,4.0,37.0,142.0,93.0,2024-06-09,2024-06-09,actual
2024-06-10 00:00:00,Monday,90.0,10.0,1.0,2.0,34.0,96.77,951221.95,10569.13,3.0,37.0,142.0,93.0,2024-06-10,2024-06-10,actual
2024-06-11 00:00:00,Tuesday,88.0,13.0,1.0,5.0,36.0,93.62,924206.98,10502.35,3.0,36.0,137.0,94.0,2024-06-11,2024-06-11,actual
2024-06-12 00:00:00,Wednesday,68.0,30.0,1.0,6.0,40.0,85.0,746937.48,10984.37,43.0,50.0,125.0,80.0,2024-06-12,2024-06-12,actual
2024-06-13 00:00:00,Thursday,85.0,21.0,1.0,4.0,58.0,92.39,943731.22,11102.72,8.0,38.0,155.0,92.0,2024-06-13,2024-06-13,actual
2024-06-14 00:00:00,Friday,57.0,12.0,1.0,3.0,49.0,67.06,626819.9,10996.84,19.0,45.0,111.0,85.0,2024-06-14,2024-06-14,actual
2024-06-15 00:00:00,Saturday,44.0,11.0,1.0,3.0,33.0,51.16,491035.95,11159.91,12.0,44.0,96.0,86.0,2024-06-15,2024-06-15,actual
2024-06-16 00:00:00,Sunday,48.0,11.0,1.0,4.0,42.0,55.17,537815.52,11204.49,11.0,43.0,102.0,87.0,2024-06-16,2024-06-16,actual
2024-06-17 00:00:00,Monday,52.0,19.0,1.0,2.0,36.0,59.77,605657.45,11647.26,11.0,43.0,99.0,87.0,2024-06-17,2024-06-17,actual
2024-06-18 00:00:00,Tuesday,64.0,21.0,1.0,2.0,45.0,73.56,704840.25,11013.13,6.0,43.0,118.0,87.0,2024-06-18,2024-06-18,actual
2024-06-19 00:00:00,Wednesday,53.0,14.0,1.0,2.0,38.0,62.35,609818.25,11506.0,12.0,45.0,101.0,85.0,2024-06-19,2024-06-19,actual
2024-06-20 00:00:00,Thursday,67.0,28.0,1.0,2.0,41.0,80.72,756818.01,11295.79,10.0,47.0,121.0,83.0,2024-06-20,2024-06-20,actual
2024-06-21 00:00:00,Friday,74.0,25.0,1.0,3.0,48.0,88.1,809009.75,10932.56,16.0,46.0,130.0,84.0,2024-06-21,2024-06-21,actual
2024-06-22 00:00:00,Saturday,52.0,18.0,1.0,2.0,36.0,61.9,617239.81,11870.0,17.0,46.0,116.0,84.0,2024-06-22,2024-06-22,actual
2024-06-23 00:00:00,Sunday,55.0,19.0,1.0,2.0,35.0,63.95,652405.21,11861.91,14.0,44.0,117.0,86.0,2024-06-23,2024-06-23,actual
2024-06-24 00:00:00,Monday,63.0,25.0,0.0,2.0,38.0,71.59,685260.21,10877.15,9.0,42.0,123.0,88.0,2024-06-24,2024-06-24,actual
2024-06-25 00:00:00,Tuesday,77.0,29.0,2.0,2.0,56.0,86.52,896134.15,11638.11,10.0,41.0,145.0,89.0,2024-06-25,2024-06-25,actual
2024-06-26 00:00:00,Wednesday,82.0,21.0,1.0,2.0,55.0,93.18,920645.65,11227.39,16.0,42.0,147.0,88.0,2024-06-26,2024-06-26,actual
2024-06-27 00:00:00,Thursday,94.0,48.0,1.0,2.0,47.0,96.91,962651.73,10240.98,19.0,33.0,149.0,97.0,2024-06-27,2024-06-27,actual
2024-06-28 00:00:00,Friday,95.0,12.0,0.0,2.0,48.0,97.94,1015743.73,10692.04,7.0,33.0,155.0,97.0,2024-06-28,2024-06-28,actual
2024-06-29 00:00:00,Saturday,66.0,21.0,0.0,3.0,37.0,67.35,756802.53,11466.71,10.0,32.0,136.0,98.0,2024-06-29,2024-06-29,actual
2024-06-30 00:00:00,Sunday,87.0,44.0,0.0,3.0,47.0,87.0,914617.3,10512.84,19.0,30.0,157.0,100.0,2024-06-30,2024-06-30,actual
2024-07-01 00:00:00,Monday,85.0,30.0,0.0,2.0,47.0,85.0,942966.45,11093.72,6.0,30.0,151.0,100.0,2024-07-01,2024-07-01,actual
2024-07-02 00:00:00,Tuesday,90.0,15.0,1.0,2.0,52.0,91.84,995347.95,11059.42,12.0,32.0,160.0,98.0,2024-07-02,2024-07-02,actual
2024-07-03 00:00:00,Wednesday,100.0,35.0,1.0,2.0,46.0,97.09,1059586.73,10595.87,11.0,27.0,157.0,103.0,2024-07-03,2024-07-03,actual
2024-07-04 00:00:00,Thursday,108.0,24.0,1.0,2.0,41.0,97.3,1097183.77,10159.11,8.0,19.0,169.0,111.0,2024-07-04,2024-07-04,actual
2024-07-05 00:00:00,Friday,69.0,17.0,1.0,2.0,38.0,63.3,751574.82,10892.39,28.0,21.0,132.0,109.0,2024-07-05,2024-07-05,actual
2024-07-06 00:00:00,Saturday,62.0,30.0,0.0,2.0,36.0,56.88,707354.24,11408.94,16.0,22.0,127.0,109.0,2024-07-06,2024-07-06,actual
2024-07-07 00:00:00,Sunday,52.0,21.0,0.0,2.0,33.0,47.27,555358.8,10679.98,33.0,20.0,107.0,110.0,2024-07-07,2024-07-07,actual
2024-07-08 00:00:00,Monday,65.0,23.0,0.0,2.0,42.0,61.32,743653.54,11440.82,6.0,24.0,127.0,106.0,2024-07-08,2024-07-08,actual
2024-07-09 00:00:00,Tuesday,78.0,30.0,0.0,3.0,52.0,72.22,875125.46,11219.56,7.0,22.0,142.0,108.0,2024-07-09,2024-07-09,actual
2024-07-10 00:00:00,Wednesday,78.0,28.0,1.0,1.0,59.0,74.29,832335.06,10670.96,22.0,25.0,145.0,105.0,2024-07-10,2024-07-10,actual
2024-07-11 00:00:00,Thursday,104.0,41.0,0.0,1.0,71.0,99.05,1142415.05,10984.76,22.0,25.0,185.0,105.0,2024-07-11,2024-07-11,actual
2024-07-12 00:00:00,Friday,83.0,27.0,1.0,1.0,50.0,76.85,933386.03,11245.61,13.0,22.0,162.0,108.0,2024-07-12,2024-07-12,actual
2024-07-13 00:00:00,Saturday,80.0,23.0,2.0,1.0,48.0,74.77,875423.68,10942.8,14.0,23.0,166.0,107.0,2024-07-13,2024-07-13,actual
2024-07-14 00:00:00,Sunday,89.0,33.0,3.0,1.0,41.0,82.41,983493.92,11050.49,13.0,22.0,181.0,108.0,2024-07-14,2024-07-14,actual
2024-07-15 00:00:00,Monday,60.0,18.0,2.0,1.0,44.0,55.05,647972.39,10799.54,32.0,21.0,132.0,109.0,2024-07-15,2024-07-15,actual
2024-07-16 00:00:00,Tuesday,55.0,9.0,2.0,2.0,47.0,50.46,607867.3,11052.13,12.0,21.0,128.0,109.0,2024-07-16,2024-07-16,actual
2024-07-17 00:00:00,Wednesday,65.0,25.0,2.0,1.0,45.0,61.32,697752.81,10734.66,15.0,24.0,135.0,106.0,2024-07-17,2024-07-17,actual
2024-07-18 00:00:00,Thursday,83.0,31.0,1.0,1.0,55.0,81.37,898997.93,10831.3,13.0,28.0,154.0,102.0,2024-07-18,2024-07-18,actual
2024-07-19 00:00:00,Friday,80.0,20.0,1.0,1.0,56.0,76.19,879752.04,10996.9,21.0,25.0,144.0,105.0,2024-07-19,2024-07-19,actual
2024-07-20 00:00:00,Saturday,86.0,32.0,2.0,2.0,52.0,83.5,966874.44,11242.73,21.0,27.0,159.0,103.0,2024-07-20,2024-07-20,actual
2024-07-21 00:00:00,Sunday,97.0,38.0,2.0,2.0,51.0,92.38,1035164.96,10671.8,12.0,25.0,175.0,105.0,2024-07-21,2024-07-21,actual
2024-07-22 00:00:00,Monday,106.0,30.0,1.0,2.0,50.0,97.25,1078102.26,10170.78,7.0,21.0,185.0,109.0,2024-07-22,2024-07-22,actual
2024-07-23 00:00:00,Tuesday,93.0,33.0,1.0,2.0,61.0,86.11,1032792.07,11105.29,13.0,22.0,180.0,108.0,2024-07-23,2024-07-23,actual
2024-07-24 00:00:00,Wednesday,84.0,24.0,2.0,3.0,68.0,79.25,918947.61,10939.85,21.0,24.0,172.0,106.0,2024-07-24,2024-07-24,actual
2024-07-25 00:00:00,Thursday,96.0,29.0,2.0,2.0,78.0,92.31,1117949.81,11645.31,20.0,26.0,193.0,104.0,2024-07-25,2024-07-25,actual
2024-07-26 00:00:00,Friday,90.0,26.0,1.0,2.0,74.0,85.71,1042179.61,11579.77,23.0,25.0,184.0,105.0,2024-07-26,2024-07-26,actual
2024-07-27 00:00:00,Saturday,84.0,18.0,2.0,3.0,74.0,78.5,934659.65,11126.9,18.0,23.0,173.0,107.0,2024-07-27,2024-07-27,actual
2024-07-28 00:00:00,Sunday,81.0,26.0,2.0,3.0,60.0,75.7,944643.61,11662.27,23.0,23.0,170.0,107.0,2024-07-28,2024-07-28,actual
2024-07-29 00:00:00,Monday,70.0,15.0,0.0,2.0,57.0,67.31,740245.13,10574.93,18.0,26.0,139.0,104.0,2024-07-29,2024-07-29,actual
2024-07-30 00:00:00,Tuesday,94.0,39.0,0.0,2.0,59.0,90.38,1055574.39,11229.51,17.0,26.0,159.0,104.0,2024-07-30,2024-07-30,actual
2024-07-31 00:00:00,Wednesday,95.0,32.0,2.0,2.0,66.0,90.48,1105685.05,11638.79,15.0,25.0,167.0,105.0,2024-07-31,2024-07-31,actual
2024-08-01 00:00:00,Thursday,83.0,24.0,1.0,2.0,67.0,76.85,938889.47,11311.92,19.0,22.0,156.0,108.0,2024-08-01,2024-08-01,actual
2024-08-02 00:00:00,Friday,80.0,21.0,1.0,2.0,63.0,76.19,923423.43,11542.79,13.0,25.0,154.0,105.0,2024-08-02,2024-08-02,actual
2024-08-03 00:00:00,Saturday,80.0,24.0,1.0,3.0,57.0,74.07,885866.37,11073.33,18.0,21.0,161.0,108.0,2024-08-03,2024-08-03,actual
2024-08-04 00:00:00,Sunday,81.0,25.0,1.0,3.0,62.0,79.41,879478.87,10857.76,14.0,28.0,157.0,102.0,2024-08-04,2024-08-04,actual
2024-08-05 00:00:00,Monday,82.0,21.0,0.0,2.0,63.0,83.67,981106.59,11964.71,13.0,32.0,153.0,98.0,2024-08-05,2024-08-05,actual
2024-08-06 00:00:00,Tuesday,100.0,36.0,0.0,3.0,74.0,97.09,1164878.44,11648.78,18.0,27.0,180.0,103.0,2024-08-06,2024-08-06,actual
2024-08-07 00:00:00,Wednesday,104.0,29.0,0.0,2.0,75.0,99.05,1255513.16,12072.24,11.0,25.0,205.0,105.0,2024-08-07,2024-08-07,actual
2024-08-08 00:00:00,Thursday,100.0,32.0,1.0,1.0,74.0,97.09,1155013.65,11550.14,24.0,27.0,193.0,103.0,2024-08-08,2024-08-08,actual
2024-08-09 00:00:00,Friday,92.0,20.0,1.0,1.0,74.0,88.46,1011843.69,10998.3,20.0,26.0,173.0,104.0,2024-08-09,2024-08-09,actual
2024-08-10 00:00:00,Saturday,88.0,32.0,3.0,2.0,67.0,76.52,1004086.64,11410.08,27.0,15.0,192.0,115.0,2024-08-10,2024-08-10,actual
2024-08-11 00:00:00,Sunday,93.0,34.0,3.0,2.0,73.0,80.87,1050413.72,11294.77,27.0,15.0,186.0,115.0,2024-08-11,2024-08-11,actual
2024-08-12 00:00:00,Monday,91.0,30.0,2.0,2.0,67.0,79.82,993572.62,10918.38,25.0,16.0,177.0,114.0,2024-08-12,2024-08-12,actual
2024-08-13 00:00:00,Tuesday,82.0,19.0,1.0,2.0,61.0,71.93,930512.07,11347.71,15.0,16.0,171.0,114.0,2024-08-13,2024-08-13,actual
2024-08-14 00:00:00,Wednesday,63.0,9.0,0.0,2.0,48.0,56.25,719533.32,11421.16,11.0,19.0,142.0,112.0,2024-08-14,2024-08-14,actual
2024-08-15 00:00:00,Thursday,66.0,19.0,0.0,2.0,46.0,57.89,707991.21,10727.14,17.0,16.0,148.0,114.0,2024-08-15,2024-08-15,actual
2024-08-16 00:00:00,Friday,74.0,15.0,0.0,2.0,53.0,64.35,788533.61,10655.86,11.0,15.0,159.0,115.0,2024-08-16,2024-08-16,actual
2024-08-17 00:00:00,Saturday,95.0,26.0,0.0,2.0,48.0,87.16,1046428.55,11015.04,13.0,21.0,179.0,109.0,2024-08-17,2024-08-17,actual
2024-08-18 00:00:00,Sunday,68.0,25.0,0.0,2.0,46.0,61.82,770650.39,11333.09,28.0,20.0,145.0,110.0,2024-08-18,2024-08-18,actual
2024-08-19 00:00:00,Monday,70.0,23.0,1.0,1.0,59.0,63.06,813515.55,11621.65,24.0,19.0,151.0,111.0,2024-08-19,2024-08-19,actual
2024-08-20 00:00:00,Tuesday,86.0,35.0,0.0,1.0,56.0,76.79,1011410.45,11760.59,12.0,18.0,176.0,112.0,2024-08-20,2024-08-20,actual
2024-08-21 00:00:00,Wednesday,108.0,41.0,1.0,1.0,72.0,98.18,1148866.53,10637.65,19.0,20.0,186.0,110.0,2024-08-21,2024-08-21,actual
2024-08-22 00:00:00,Thursday,96.0,36.0,2.0,1.0,67.0,87.27,1114566.76,11610.07,15.0,20.0,182.0,110.0,2024-08-22,2024-08-22,actual
2024-08-23 00:00:00,Friday,82.0,27.0,8.0,1.0,66.0,73.87,981576.92,11970.45,22.0,19.0,170.0,111.0,2024-08-23,2024-08-23,actual
2024-08-24 00:00:00,Saturday,78.0,23.0,9.0,1.0,67.0,72.22,1000004.32,12820.57,20.0,22.0,171.0,108.0,2024-08-24,2024-08-24,actual
2024-08-25 00:00:00,Sunday,66.0,25.0,8.0,6.0,52.0,60.55,806966.49,12226.77,20.0,21.0,165.0,109.0,2024-08-25,2024-08-25,actual
2024-08-26 00:00:00,Monday,82.0,31.0,0.0,6.0,54.0,73.87,1009842.87,12315.16,12.0,19.0,169.0,111.0,2024-08-26,2024-08-26,actual
2024-08-27 00:00:00,Tuesday,62.0,14.0,0.0,4.0,50.0,72.94,682247.58,11003.99,24.0,45.0,136.0,85.0,2024-08-27,2024-08-27,actual
2024-08-28 00:00:00,Wednesday,89.0,42.0,1.0,1.0,44.0,84.76,942767.36,10592.89,19.0,25.0,163.0,105.0,2024-08-28,2024-08-28,actual
2024-08-29 00:00:00,Thursday,96.0,38.0,1.0,1.0,48.0,93.2,1036037.72,10792.06,12.0,27.0,169.0,103.0,2024-08-29,2024-08-29,actual
2024-08-30 00:00:00,Friday,99.0,24.0,1.0,1.0,50.0,95.19,1140698.66,11522.21,15.0,26.0,176.0,104.0,2024-08-30,2024-08-30,actual
2024-08-31 00:00:00,Saturday,96.0,20.0,6.0,1.0,48.0,90.57,1107898.92,11540.61,10.0,24.0,174.0,106.0,2024-08-31,2024-08-31,actual
2024-09-01 00:00:00,Sunday,99.0,26.0,4.0,1.0,51.0,95.19,1152045.11,11636.82,15.0,26.0,174.0,104.0,2024-09-01,2024-09-01,actual
2024-09-02 00:00:00,Monday,78.0,26.0,0.0,2.0,53.0,93.98,904831.65,11600.41,41.0,47.0,142.0,83.0,2024-09-02,2024-09-02,actual
2024-09-03 00:00:00,Tuesday,82.0,9.0,1.0,1.0,62.0,92.13,986999.73,12036.58,3.0,41.0,146.0,89.0,2024-09-03,2024-09-03,actual
2024-09-04 00:00:00,Wednesday,83.0,22.0,0.0,1.0,52.0,75.45,978195.97,11785.49,12.0,20.0,150.0,110.0,2024-09-04,2024-09-04,actual
2024-09-05 00:00:00,Thursday,95.0,31.0,0.0,1.0,55.0,89.62,1178304.07,12403.2,10.0,24.0,164.0,106.0,2024-09-05,2024-09-05,actual
2024-09-06 00:00:00,Friday,90.0,27.0,0.0,1.0,59.0,85.71,1076659.85,11962.89,19.0,25.0,162.0,105.0,2024-09-06,2024-09-06,actual
2024-09-07 00:00:00,Saturday,88.0,34.0,8.0,1.0,64.0,83.02,1044899.65,11873.86,26.0,24.0,177.0,106.0,2024-09-07,2024-09-07,actual
2024-09-08 00:00:00,Sunday,90.0,30.0,0.0,1.0,64.0,85.71,1089905.57,12110.06,20.0,25.0,157.0,105.0,2024-09-08,2024-09-08,actual
2024-09-09 00:00:00,Monday,99.0,26.0,0.0,1.0,66.0,93.4,1210154.87,12223.79,11.0,24.0,170.0,106.0,2024-09-09,2024-09-09,actual
2024-09-10 00:00:00,Tuesday,105.0,27.0,1.0,1.0,71.0,98.13,1258209.89,11982.95,12.0,23.0,171.0,107.0,2024-09-10,2024-09-10,actual
2024-09-11 00:00:00,Wednesday,104.0,33.0,1.0,1.0,58.0,97.2,1234429.47,11869.51,8.0,23.0,176.0,107.0,2024-09-11,2024-09-11,actual
2024-09-12 00:00:00,Thursday,108.0,27.0,2.0,1.0,55.0,99.08,1265925.05,11721.53,7.0,21.0,194.0,109.0,2024-09-12,2024-09-12,actual
2024-09-13 00:00:00,Friday,90.0,24.0,2.0,2.0,64.0,81.82,1161113.31,12901.26,12.0,20.0,172.0,110.0,2024-09-13,2024-09-13,actual
2024-09-14 00:00:00,Saturday,100.0,22.0,3.0,1.0,60.0,94.34,1230632.46,12306.32,10.0,24.0,182.0,106.0,2024-09-14,2024-09-14,actual
2024-09-15 00:00:00,Sunday,85.0,34.0,2.0,1.0,54.0,80.95,1080555.66,12712.42,34.0,25.0,168.0,105.0,2024-09-15,2024-09-15,actual
2024-09-16 00:00:00,Monday,90.0,30.0,3.0,1.0,70.0,85.71,1240132.18,13779.25,13.0,25.0,167.0,105.0,2024-09-16,2024-09-16,actual
2024-09-17 00:00:00,Tuesday,98.0,31.0,3.0,1.0,71.0,92.45,1308903.23,13356.16,12.0,24.0,175.0,106.0,2024-09-17,2024-09-17,actual
2024-09-18 00:00:00,Wednesday,98.0,30.0,3.0,1.0,72.0,91.59,1288581.73,13148.79,11.0,23.0,172.0,107.0,2024-09-18,2024-09-18,actual
2024-09-19 00:00:00,Thursday,82.0,22.0,1.0,1.0,62.0,78.1,1037706.59,12654.96,11.0,25.0,148.0,105.0,2024-09-19,2024-09-19,actual
2024-09-20 00:00:00,Friday,81.0,21.0,3.0,1.0,63.0,77.88,1080364.71,13337.84,10.0,26.0,155.0,104.0,2024-09-20,2024-09-20,actual
2024-09-21 00:00:00,Saturday,81.0,25.0,0.0,1.0,62.0,77.14,1052890.46,12998.65,15.0,25.0,150.0,105.0,2024-09-21,2024-09-21,actual
2024-09-22 00:00:00,Sunday,97.0,34.0,1.0,1.0,61.0,90.65,1266119.18,13052.78,16.0,23.0,178.0,107.0,2024-09-22,2024-09-22,actual
2024-09-23 00:00:00,Monday,105.0,27.0,3.0,1.0,70.0,96.33,1375926.6,13104.06,10.0,21.0,194.0,109.0,2024-09-23,2024-09-23,actual
2024-09-24 00:00:00,Tuesday,109.0,25.0,1.0,1.0,61.0,98.2,1449082.65,13294.34,11.0,19.0,192.0,111.0,2024-09-24,2024-09-24,actual
2024-09-25 00:00:00,Wednesday,103.0,30.0,0.0,1.0,41.0,94.5,1385324.05,13449.75,21.0,21.0,176.0,109.0,2024-09-25,2024-09-25,actual
2024-09-26 00:00:00,Thursday,111.0,29.0,1.0,1.0,48.0,98.23,1548336.63,13948.98,6.0,17.0,193.0,113.0,2024-09-26,2024-09-26,actual
2024-09-27 00:00:00,Friday,105.0,20.0,1.0,2.0,55.0,91.3,1358950.79,12942.39,9.0,15.0,193.0,115.0,2024-09-27,2024-09-27,actual
2024-09-28 00:00:00,Saturday,85.0,26.0,1.0,1.0,53.0,77.98,1105903.15,13010.63,14.0,21.0,169.0,109.0,2024-09-28,2024-09-28,actual
2024-09-29 00:00:00,Sunday,86.0,28.0,0.0,1.0,65.0,79.63,1129476.65,13133.45,17.0,22.0,168.0,108.0,2024-09-29,2024-09-29,actual
2024-09-30 00:00:00,Monday,86.0,28.0,1.0,1.0,61.0,79.63,1147378.69,13341.61,8.0,22.0,178.0,108.0,2024-09-30,2024-09-30,actual
2024-10-01 00:00:00,Tuesday,88.0,41.0,0.0,1.0,51.0,81.48,1201345.91,13651.66,27.0,22.0,172.0,108.0,2024-10-01,2024-10-01,actual
2024-10-02 00:00:00,Wednesday,95.0,40.0,3.0,1.0,59.0,87.96,1378852.36,14514.24,19.0,22.0,177.0,108.0,2024-10-02,2024-10-02,actual
2024-10-03 00:00:00,Thursday,90.0,30.0,1.0,1.0,58.0,84.91,1335758.95,14841.77,11.0,24.0,164.0,106.0,2024-10-03,2024-10-03,actual
2024-10-04 00:00:00,Friday,99.0,40.0,1.0,1.0,63.0,91.67,1599923.57,16160.84,24.0,22.0,185.0,108.0,2024-10-04,2024-10-04,actual
2024-10-05 00:00:00,Saturday,107.0,49.0,4.0,1.0,63.0,97.27,1715525.86,16032.95,17.0,20.0,200.0,110.0,2024-10-05,2024-10-05,actual
2024-10-06 00:00:00,Sunday,108.0,27.0,2.0,1.0,61.0,95.58,1624019.08,15037.21,11.0,16.0,192.0,113.0,2024-10-06,2024-10-06,actual
2024-10-07 00:00:00,Monday,104.0,22.0,2.0,2.0,73.0,91.23,1547703.68,14881.77,7.0,16.0,177.0,114.0,2024-10-07,2024-10-07,actual
2024-10-08 00:00:00,Tuesday,96.0,33.0,2.0,1.0,70.0,88.89,1411887.36,14707.16,11.0,22.0,176.0,108.0,2024-10-08,2024-10-08,actual
2024-10-09 00:00:00,Wednesday,100.0,28.0,0.0,1.0,76.0,92.59,1508574.62,15085.75,5.0,22.0,189.0,108.0,2024-10-09,2024-10-09,actual
2024-10-10 00:00:00,Thursday,103.0,39.0,1.0,1.0,68.0,95.37,1526940.21,14824.66,7.0,22.0,198.0,108.0,2024-10-10,2024-10-10,actual
2024-10-11 00:00:00,Friday,108.0,28.0,1.0,1.0,67.0,97.3,1584076.88,14667.38,5.0,19.0,206.0,111.0,2024-10-11,2024-10-11,actual
2024-10-12 00:00:00,Saturday,96.0,27.0,2.0,1.0,55.0,84.21,1345511.98,14015.75,7.0,16.0,184.0,114.0,2024-10-12,2024-10-12,actual
2024-10-13 00:00:00,Sunday,110.0,31.0,1.0,1.0,53.0,94.83,1591046.81,14464.06,5.0,15.0,199.0,116.0,2024-10-13,2024-10-13,actual
2024-10-14 00:00:00,Monday,120.0,35.0,1.0,1.0,67.0,104.35,1915139.85,15959.5,2.0,15.0,211.0,115.0,2024-10-14,2024-10-14,actual
2024-10-15 00:00:00,Tuesday,111.0,27.0,0.0,1.0,77.0,96.52,1712810.55,15430.73,2.0,15.0,188.0,115.0,2024-10-15,2024-10-15,actual
2024-10-16 00:00:00,Wednesday,111.0,35.0,1.0,1.0,67.0,97.37,1681574.26,15149.32,9.0,16.0,187.0,114.0,2024-10-16,2024-10-16,actual
2024-10-17 00:00:00,Thursday,114.0,39.0,0.0,1.0,67.0,100.0,1693297.87,14853.49,15.0,16.0,198.0,114.0,2024-10-17,2024-10-17,actual
2024-10-18 00:00:00,Friday,114.0,22.0,1.0,1.0,74.0,99.13,1594141.01,13983.69,9.0,15.0,196.0,115.0,2024-10-18,2024-10-18,actual
2024-10-19 00:00:00,Saturday,103.0,34.0,1.0,1.0,62.0,90.35,1596078.98,15495.91,9.0,16.0,179.0,114.0,2024-10-19,2024-10-19,actual
2024-10-20 00:00:00,Sunday,100.0,32.0,1.0,1.0,61.0,88.5,1414045.94,14140.46,11.0,17.0,179.0,113.0,2024-10-20,2024-10-20,actual
2024-10-21 00:00:00,Monday,112.0,33.0,1.0,1.0,68.0,98.25,1573770.1,14051.52,11.0,16.0,208.0,114.0,2024-10-21,2024-10-21,actual
2024-10-22 00:00:00,Tuesday,109.0,44.0,2.0,1.0,80.0,95.61,1736044.76,15927.02,8.0,16.0,197.0,114.0,2024-10-22,2024-10-22,actual
2024-10-23 00:00:00,Wednesday,110.0,35.0,0.0,1.0,75.0,96.49,1626804.9,14789.14,17.0,16.0,200.0,114.0,2024-10-23,2024-10-23,actual
2024-10-24 00:00:00,Thursday,112.0,46.0,2.0,1.0,55.0,98.25,1560003.03,13928.6,11.0,16.0,200.0,114.0,2024-10-24,2024-10-24,actual
2024-10-25 00:00:00,Friday,111.0,29.0,2.0,1.0,57.0,97.37,1610670.09,14510.54,7.0,16.0,200.0,114.0,2024-10-25,2024-10-25,actual
2024-10-26 00:00:00,Saturday,97.0,26.0,1.0,1.0,49.0,85.09,1479803.25,15255.7,4.0,16.0,186.0,114.0,2024-10-26,2024-10-26,actual
2024-10-27 00:00:00,Sunday,81.0,30.0,0.0,2.0,62.0,71.68,1284081.06,15852.85,4.0,17.0,163.0,113.0,2024-10-27,2024-10-27,actual
2024-10-28 00:00:00,Monday,81.0,30.0,0.0,2.0,60.0,71.68,1262149.74,15582.1,13.0,17.0,166.0,113.0,2024-10-28,2024-10-28,actual
2024-10-29 00:00:00,Tuesday,98.0,40.0,0.0,2.0,59.0,86.73,1476423.29,15065.54,8.0,17.0,190.0,113.0,2024-10-29,2024-10-29,actual
2024-10-30 00:00:00,Wednesday,85.0,30.0,0.0,2.0,58.0,74.56,1280561.37,15065.43,10.0,16.0,171.0,114.0,2024-10-30,2024-10-30,actual
2024-10-31 00:00:00,Thursday,101.0,45.0,0.0,2.0,50.0,88.6,1494177.84,14793.84,8.0,16.0,194.0,114.0,2024-10-31,2024-10-31,actual
2024-11-01 00:00:00,Friday,107.0,50.0,0.0,2.0,37.0,93.86,1659335.52,15507.81,29.0,16.0,191.0,114.0,2024-11-01,2024-11-01,actual
2024-11-02 00:00:00,Saturday,103.0,54.0,0.0,2.0,64.0,90.35,1524917.51,14805.02,10.0,16.0,203.0,114.0,2024-11-02,2024-11-02,actual
2024-11-03 00:00:00,Sunday,92.0,32.0,7.0,2.0,62.0,81.42,1361484.68,14798.75,10.0,17.0,187.0,113.0,2024-11-03,2024-11-03,actual
2024-11-04 00:00:00,Monday,109.0,51.0,5.0,2.0,53.0,95.61,1516630.01,13914.04,15.0,16.0,208.0,114.0,2024-11-04,2024-11-04,actual
2024-11-05 00:00:00,Tuesday,96.0,25.0,3.0,2.0,55.0,83.48,1417816.91,14768.93,6.0,15.0,196.0,115.0,2024-11-05,2024-11-05,actual
2024-11-06 00:00:00,Wednesday,115.0,55.0,1.0,2.0,51.0,100.0,1616782.62,14058.98,4.0,15.0,214.0,115.0,2024-11-06,2024-11-06,actual
2024-11-07 00:00:00,Thursday,106.0,36.0,2.0,2.0,51.0,92.17,1580017.09,14905.82,7.0,15.0,209.0,115.0,2024-11-07,2024-11-07,actual
2024-11-08 00:00:00,Friday,112.0,36.0,1.0,2.0,46.0,97.39,1611169.31,14385.44,10.0,15.0,221.0,115.0,2024-11-08,2024-11-08,actual
2024-11-09 00:00:00,Saturday,105.0,46.0,1.0,3.0,59.0,88.24,1626400.99,15489.53,1.0,13.0,216.0,119.0,2024-11-09,2024-11-09,actual
2024-11-10 00:00:00,Sunday,110.0,37.0,1.0,6.0,68.0,94.02,1743399.6,15849.09,9.0,13.0,227.0,117.0,2024-11-10,2024-11-10,actual
2024-11-11 00:00:00,Monday,115.0,45.0,1.0,2.0,81.0,96.64,1945079.16,16913.73,13.0,11.0,224.0,119.0,2024-11-11,2024-11-11,actual
2024-11-12 00:00:00,Tuesday,116.0,35.0,1.0,2.0,94.0,97.48,1909532.54,16461.49,9.0,11.0,228.0,119.0,2024-11-12,2024-11-12,actual
2024-11-13 00:00:00,Wednesday,111.0,44.0,0.0,2.0,70.0,93.28,1872443.16,16868.86,10.0,11.0,198.0,119.0,2024-11-13,2024-11-13,actual
2024-11-14 00:00:00,Thursday,106.0,54.0,2.0,6.0,66.0,90.6,1797285.05,16955.52,23.0,13.0,212.0,117.0,2024-11-14,2024-11-14,actual
2024-11-15 00:00:00,Friday,108.0,47.0,0.0,6.0,77.0,90.76,1930564.64,17875.6,19.0,11.0,222.0,119.0,2024-11-15,2024-11-15,actual
2024-11-16 00:00:00,Saturday,111.0,41.0,1.0,6.0,90.0,93.28,1851988.15,16684.58,11.0,11.0,230.0,119.0,2024-11-16,2024-11-16,actual
2024-11-17 00:00:00,Sunday,111.0,52.0,0.0,2.0,68.0,93.28,1719988.04,15495.39,22.0,11.0,215.0,119.0,2024-11-17,2024-11-17,actual
2024-11-18 00:00:00,Monday,113.0,35.0,1.0,2.0,64.0,94.17,1714320.8,15170.98,7.0,11.0,220.0,120.0,2024-11-18,2024-11-18,actual
2024-11-19 00:00:00,Tuesday,104.0,40.0,2.0,3.0,61.0,87.39,1564419.33,15042.49,8.0,11.0,209.0,119.0,2024-11-19,2024-11-19,actual
2024-11-20 00:00:00,Wednesday,111.0,40.0,3.0,2.0,64.0,94.07,1766158.69,15911.34,12.0,12.0,220.0,118.0,2024-11-20,2024-11-20,actual
2024-11-21 00:00:00,Thursday,106.0,45.0,0.0,2.0,76.0,89.83,1937338.8,18276.78,11.0,12.0,203.0,118.0,2024-11-21,2024-11-21,actual
2024-11-22 00:00:00,Friday,103.0,47.0,1.0,2.0,67.0,88.03,1686741.94,16376.14,16.0,13.0,209.0,117.0,2024-11-22,2024-11-22,actual
2024-11-23 00:00:00,Saturday,108.0,38.0,2.0,2.0,87.0,93.1,1759383.0,16290.58,18.0,14.0,219.0,116.0,2024-11-23,2024-11-23,actual
2024-11-24 00:00:00,Sunday,94.0,38.0,0.0,2.0,65.0,79.66,1587826.05,16891.77,16.0,12.0,202.0,118.0,2024-11-24,2024-11-24,actual
2024-11-25 00:00:00,Monday,116.0,40.0,0.0,2.0,81.0,97.48,1862451.99,16055.62,6.0,11.0,233.0,119.0,2024-11-25,2024-11-25,actual
2024-11-26 00:00:00,Tuesday,117.0,39.0,0.0,2.0,74.0,98.32,1875088.9,16026.4,9.0,11.0,220.0,119.0,2024-11-26,2024-11-26,actual
2024-11-27 00:00:00,Wednesday,114.0,35.0,3.0,2.0,61.0,95.8,1977281.95,17344.58,13.0,11.0,216.0,119.0,2024-11-27,2024-11-27,actual
2024-11-28 00:00:00,Thursday,113.0,41.0,3.0,2.0,84.0,94.17,1876491.12,16606.12,10.0,10.0,230.0,120.0,2024-11-28,2024-11-28,actual
2024-11-29 00:00:00,Friday,92.0,25.0,3.0,2.0,67.0,77.31,1436612.45,15615.35,21.0,11.0,206.0,119.0,2024-11-29,2024-11-29,actual
2024-11-30 00:00:00,Saturday,82.0,29.0,1.0,2.0,59.0,70.09,1140556.76,13909.23,24.0,13.0,183.0,117.0,2024-11-30,2024-11-30,actual
2024-12-01 00:00:00,Sunday,87.0,41.0,3.0,3.0,59.0,79.82,1435175.68,16496.27,12.0,21.0,182.0,109.0,2024-12-01,2024-12-01,actual
2024-12-02 00:00:00,Monday,86.0,30.0,4.0,2.0,68.0,78.18,1414917.56,16452.53,12.0,20.0,179.0,110.0,2024-12-02,2024-12-02,actual
2024-12-03 00:00:00,Tuesday,80.0,24.0,3.0,2.0,56.0,73.39,1237851.49,15473.14,28.0,21.0,167.0,109.0,2024-12-03,2024-12-03,actual
2024-12-04 00:00:00,Wednesday,85.0,34.0,1.0,2.0,51.0,77.98,1361752.86,16020.62,17.0,21.0,178.0,109.0,2024-12-04,2024-12-04,actual
2024-12-05 00:00:00,Thursday,106.0,33.0,2.0,2.0,58.0,97.25,1567257.54,14785.45,17.0,21.0,198.0,109.0,2024-12-05,2024-12-05,actual
2024-12-06 00:00:00,Friday,98.0,35.0,4.0,2.0,53.0,88.29,1687567.26,17220.07,21.0,19.0,213.0,111.0,2024-12-06,2024-12-06,actual
2024-12-07 00:00:00,Saturday,83.0,49.0,8.0,2.0,52.0,76.15,1281891.33,15444.47,24.0,21.0,194.0,109.0,2024-12-07,2024-12-07,actual
2024-12-08 00:00:00,Sunday,69.0,21.0,4.0,2.0,56.0,63.3,1109939.25,16086.08,29.0,21.0,166.0,109.0,2024-12-08,2024-12-08,actual
2024-12-09 00:00:00,Monday,76.0,38.0,3.0,2.0,49.0,70.37,1230317.32,16188.39,19.0,22.0,165.0,108.0,2024-12-09,2024-12-09,actual
2024-12-10 00:00:00,Tuesday,100.0,35.0,0.0,2.0,65.0,92.59,1555853.84,15558.54,10.0,23.0,193.0,108.0,2024-12-10,2024-12-10,actual
2024-12-11 00:00:00,Wednesday,91.0,31.0,0.0,4.0,61.0,85.85,1387116.15,15243.03,20.0,24.0,186.0,106.0,2024-12-11,2024-12-11,actual
2024-12-12 00:00:00,Thursday,99.0,47.0,3.0,2.0,68.0,91.67,1529982.93,15454.37,24.0,22.0,212.0,108.0,2024-12-12,2024-12-12,actual
2024-12-13 00:00:00,Friday,99.0,35.0,2.0,2.0,63.0,90.83,1554154.8,15698.53,26.0,21.0,224.0,109.0,2024-12-13,2024-12-13,actual
2024-12-14 00:00:00,Saturday,102.0,31.0,3.0,2.0,66.0,92.73,1748126.01,17138.49,10.0,20.0,230.0,110.0,2024-12-14,2024-12-14,actual
2024-12-15 00:00:00,Sunday,96.0,36.0,1.0,2.0,63.0,86.49,1560594.29,16256.19,23.0,19.0,219.0,111.0,2024-12-15,2024-12-15,actual
2024-12-16 00:00:00,Monday,70.0,18.0,0.0,2.0,56.0,63.64,1185470.81,16935.3,28.0,20.0,173.0,110.0,2024-12-16,2024-12-16,actual
2024-12-17 00:00:00,Tuesday,70.0,20.0,0.0,2.0,62.0,66.67,1177753.29,16825.05,17.0,25.0,167.0,105.0,2024-12-17,2024-12-17,actual
2024-12-18 00:00:00,Wednesday,80.0,36.0,1.0,2.0,62.0,73.39,1306921.58,16336.52,13.0,21.0,180.0,109.0,2024-12-18,2024-12-18,actual
2024-12-19 00:00:00,Thursday,89.0,29.0,3.0,2.0,75.0,77.39,1385325.84,15565.46,19.0,15.0,200.0,115.0,2024-12-19,2024-12-19,actual
2024-12-20 00:00:00,Friday,76.0,22.0,2.0,3.0,66.0,64.96,1245509.08,16388.28,21.0,13.0,183.0,117.0,2024-12-20,2024-12-20,actual
2024-12-21 00:00:00,Saturday,90.0,41.0,3.0,2.0,58.0,75.63,1434432.81,15938.14,17.0,11.0,215.0,119.0,2024-12-21,2024-12-21,actual
2024-12-22 00:00:00,Sunday,99.0,40.0,3.0,2.0,73.0,83.19,1498019.06,15131.51,18.0,11.0,235.0,119.0,2024-12-22,2024-12-22,actual
2024-12-23 00:00:00,Monday,99.0,44.0,4.0,4.0,61.0,86.09,1418641.85,14329.72,15.0,15.0,234.0,115.0,2024-12-23,2024-12-23,actual
2024-12-24 00:00:00,Tuesday,94.0,26.0,1.0,2.0,53.0,78.99,1371650.59,14592.03,19.0,11.0,184.0,119.0,2024-12-24,2024-12-24,actual
2024-12-25 00:00:00,Wednesday,85.0,19.0,0.0,2.0,45.0,72.03,1251595.71,14724.66,14.0,12.0,173.0,118.0,2024-12-25,2024-12-25,actual
2024-12-26 00:00:00,Thursday,76.0,43.0,1.0,2.0,44.0,66.09,1125600.14,14810.53,15.0,15.0,163.0,115.0,2024-12-26,2024-12-26,actual
2024-12-27 00:00:00,Friday,88.0,38.0,2.0,3.0,64.0,75.86,1294928.08,14715.09,16.0,14.0,187.0,116.0,2024-12-27,2024-12-27,actual
2024-12-28 00:00:00,Saturday,88.0,36.0,0.0,3.0,64.0,78.57,1356619.28,15416.13,13.0,18.0,177.0,112.0,2024-12-28,2024-12-28,actual
2024-12-29 00:00:00,Sunday,77.0,23.0,1.0,2.0,58.0,67.54,1147851.5,14907.16,20.0,16.0,161.0,114.0,2024-12-29,2024-12-29,actual
2024-12-30 00:00:00,Monday,60.0,22.0,0.0,2.0,48.0,53.1,813744.6,13562.41,10.0,17.0,135.0,113.0,2024-12-30,2024-12-30,actual
2024-12-31 00:00:00,Tuesday,72.0,36.0,2.0,3.0,44.0,61.02,981799.56,13636.11,14.0,12.0,162.0,118.0,2024-12-31,2024-12-31,actual
2025-01-01 00:00:00,Wednesday,61.0,41.0,0.0,0.0,25.0,54.46,875551.53,14353.3,47.0,18.0,131.0,112.0,2025-01-01,2025-01-01,actual
2025-01-02 00:00:00,Thursday,82.0,35.0,0.0,2.0,53.0,75.23,1206663.21,14715.41,7.0,21.0,170.0,109.0,2025-01-02,2025-01-02,actual
2025-01-03 00:00:00,Friday,84.0,34.0,1.0,2.0,62.0,80.77,1222967.62,14559.14,19.0,26.0,164.0,104.0,2025-01-03,2025-01-03,actual
2025-01-04 00:00:00,Saturday,78.0,28.0,2.0,2.0,53.0,75.0,1205502.86,15455.16,21.0,26.0,157.0,104.0,2025-01-04,2025-01-04,actual
2025-01-05 00:00:00,Sunday,79.0,30.0,1.0,2.0,52.0,75.24,1191737.64,15085.29,15.0,25.0,159.0,105.0,2025-01-05,2025-01-05,actual
2025-01-06 00:00:00,Monday,99.0,42.0,0.0,2.0,64.0,91.67,1554302.29,15700.02,18.0,22.0,195.0,108.0,2025-01-06,2025-01-06,actual
2025-01-07 00:00:00,Tuesday,99.0,36.0,0.0,2.0,62.0,92.52,1492803.25,15078.82,8.0,23.0,185.0,107.0,2025-01-07,2025-01-07,actual
2025-01-08 00:00:00,Wednesday,72.0,20.0,0.0,2.0,54.0,65.45,1104655.42,15342.44,26.0,20.0,143.0,110.0,2025-01-08,2025-01-08,actual
2025-01-09 00:00:00,Thursday,81.0,38.0,1.0,2.0,51.0,72.97,1318216.48,16274.28,19.0,19.0,163.0,111.0,2025-01-09,2025-01-09,actual
2025-01-10 00:00:00,Friday,96.0,34.0,2.0,2.0,62.0,84.96,1545264.25,16096.5,14.0,17.0,187.0,113.0,2025-01-10,2025-01-10,actual
2025-01-11 00:00:00,Saturday,88.0,37.0,4.0,2.0,52.0,78.57,1375503.05,15630.72,34.0,18.0,174.0,112.0,2025-01-11,2025-01-11,actual
2025-01-12 00:00:00,Sunday,102.0,58.0,4.0,2.0,54.0,91.07,1469983.95,14411.61,22.0,18.0,184.0,112.0,2025-01-12,2025-01-12,actual
2025-01-13 00:00:00,Monday,111.0,37.0,0.0,2.0,61.0,98.23,1636191.54,14740.46,7.0,17.0,184.0,113.0,2025-01-13,2025-01-13,actual
