,Date,Day,Rooms Sold,Arrival Rooms,Compliment Rooms,House Use,Individual Confirm,Occupancy %,Room Revenue,ARR,Departure Rooms,OOO Rooms,Pax,Total Room Inventory,snapshot_date,arrival_date,actual_or_forecast
0,2023-02-01,Wednesday,116.0,37.0,0.0,2.0,118.0,97.48,1525371.79,13149.76,33.0,11.0,155.0,119.0,2023-02-01,2023-02-01,actual
1,2023-02-02,Thursday,115.0,29.0,0.0,3.0,118.0,95.83,1448656.84,12597.02,29.0,10.0,159.0,120.0,2023-02-02,2023-02-02,actual
2,2023-02-03,Friday,117.0,36.0,0.0,2.0,119.0,97.5,1532358.27,13097.08,35.0,10.0,173.0,120.0,2023-02-03,2023-02-03,actual
3,2023-02-04,Saturday,117.0,60.0,2.0,2.0,121.0,96.69,1526782.32,13049.42,60.0,9.0,189.0,121.0,2023-02-04,2023-02-04,actual
4,2023-02-05,Sunday,105.0,50.0,2.0,3.0,110.0,88.98,1499626.34,14282.16,62.0,13.0,173.0,118.0,2023-02-05,2023-02-05,actual
59,2023-04-01,Saturday,111.0,48.0,3.0,1.0,115.0,93.28,1162842.58,10476.06,49.0,11.0,180.0,119.0,2023-04-01,2023-04-01,actual
60,2023-04-02,Sunday,97.0,50.0,1.0,4.0,102.0,83.62,1079504.25,11128.91,63.0,14.0,160.0,116.0,2023-04-02,2023-04-02,actual
61,2023-04-03,Monday,88.0,40.0,0.0,4.0,92.0,75.86,931371.15,10583.76,52.0,14.0,132.0,116.0,2023-04-03,2023-04-03,actual
62,2023-04-04,Tuesday,68.0,32.0,1.0,3.0,72.0,61.82,776760.7,11422.95,53.0,20.0,108.0,110.0,2023-04-04,2023-04-04,actual
63,2023-04-05,Wednesday,54.0,29.0,0.0,2.0,56.0,49.54,647427.35,11989.4,45.0,21.0,79.0,109.0,2023-04-05,2023-04-05,actual
64,2023-04-06,Thursday,52.0,28.0,0.0,2.0,54.0,50.0,642827.33,12362.06,30.0,28.0,80.0,104.0,2023-04-06,2023-04-06,actual
65,2023-04-07,Friday,64.0,39.0,2.0,3.0,69.0,72.73,732105.03,11439.14,24.0,42.0,106.0,88.0,2023-04-07,2023-04-07,actual
66,2023-04-08,Saturday,66.0,34.0,0.0,2.0,68.0,61.68,739155.88,11199.33,35.0,24.0,115.0,107.0,2023-04-08,2023-04-08,actual
67,2023-04-09,Sunday,50.0,24.0,2.0,2.0,54.0,46.3,538998.07,10779.96,38.0,22.0,86.0,108.0,2023-04-09,2023-04-09,actual
68,2023-04-10,Monday,55.0,30.0,4.0,2.0,61.0,50.93,653542.17,11882.58,23.0,22.0,91.0,108.0,2023-04-10,2023-04-10,actual
69,2023-04-11,Tuesday,81.0,43.0,8.0,2.0,91.0,75.0,867716.07,10712.54,14.0,27.0,140.0,108.0,2023-04-11,2023-04-11,actual
70,2023-04-12,Wednesday,85.0,52.0,8.0,1.0,94.0,78.7,1012602.08,11912.97,50.0,22.0,144.0,108.0,2023-04-12,2023-04-12,actual
71,2023-04-13,Thursday,93.0,48.0,1.0,2.0,96.0,83.04,1083467.34,11650.19,46.0,18.0,144.0,112.0,2023-04-13,2023-04-13,actual
72,2023-04-14,Friday,77.0,32.0,1.0,2.0,80.0,73.33,834649.23,10839.6,49.0,25.0,119.0,105.0,2023-04-14,2023-04-14,actual
73,2023-04-15,Saturday,75.0,38.0,1.0,2.0,78.0,70.75,842656.73,11235.42,40.0,24.0,123.0,106.0,2023-04-15,2023-04-15,actual
74,2023-04-16,Sunday,77.0,41.0,1.0,2.0,80.0,69.37,873460.34,11343.64,39.0,19.0,111.0,111.0,2023-04-16,2023-04-16,actual
75,2023-04-17,Monday,109.0,55.0,3.0,2.0,114.0,94.78,1261832.59,11576.45,21.0,15.0,150.0,115.0,2023-04-17,2023-04-17,actual
76,2023-04-18,Tuesday,109.0,54.0,4.0,3.0,116.0,93.16,1310534.43,12023.25,52.0,13.0,159.0,117.0,2023-04-18,2023-04-18,actual
77,2023-04-19,Wednesday,93.0,33.0,3.0,2.0,98.0,81.58,1041768.27,11201.81,51.0,16.0,137.0,114.0,2023-04-19,2023-04-19,actual
78,2023-04-20,Thursday,60.0,25.0,3.0,1.0,64.0,54.05,765210.73,12753.51,59.0,19.0,92.0,111.0,2023-04-20,2023-04-20,actual
79,2023-04-21,Friday,54.0,29.0,6.0,2.0,62.0,50.0,618452.36,11452.82,31.0,24.0,94.0,108.0,2023-04-21,2023-04-21,actual
80,2023-04-22,Saturday,57.0,29.0,3.0,4.0,64.0,51.82,621621.1,10905.63,27.0,22.0,100.0,110.0,2023-04-22,2023-04-22,actual
81,2023-04-23,Sunday,52.0,29.0,1.0,5.0,58.0,47.27,675604.68,12992.4,35.0,20.0,82.0,110.0,2023-04-23,2023-04-23,actual
82,2023-04-24,Monday,69.0,38.0,0.0,4.0,73.0,65.09,856695.93,12415.88,25.0,26.0,100.0,106.0,2023-04-24,2023-04-24,actual
83,2023-04-25,Tuesday,64.0,24.0,0.0,4.0,68.0,60.95,760549.19,11883.58,31.0,27.0,91.0,105.0,2023-04-25,2023-04-25,actual
84,2023-04-26,Wednesday,88.0,49.0,2.0,5.0,95.0,76.52,971866.32,11043.94,23.0,17.0,126.0,115.0,2023-04-26,2023-04-26,actual
85,2023-04-27,Thursday,109.0,57.0,0.0,4.0,113.0,93.97,1210920.25,11109.36,39.0,14.0,142.0,116.0,2023-04-27,2023-04-27,actual
86,2023-04-28,Friday,76.0,17.0,2.0,4.0,82.0,66.67,844902.49,11117.14,48.0,16.0,102.0,114.0,2023-04-28,2023-04-28,actual
87,2023-04-29,Saturday,63.0,31.0,1.0,5.0,69.0,58.33,798955.46,12681.83,44.0,22.0,101.0,108.0,2023-04-29,2023-04-29,actual
88,2023-04-30,Sunday,68.0,29.0,2.0,3.0,73.0,59.13,844753.78,12422.85,25.0,17.0,105.0,115.0,2023-04-30,2023-04-30,actual
89,2023-05-01,Monday,68.0,26.0,1.0,3.0,72.0,61.26,769122.72,11310.63,27.0,19.0,111.0,111.0,2023-05-01,2023-05-01,actual
90,2023-05-02,Tuesday,56.0,21.0,1.0,3.0,60.0,50.91,613651.19,10958.06,32.0,24.0,79.0,110.0,2023-05-02,2023-05-02,actual
91,2023-05-03,Wednesday,68.0,27.0,2.0,3.0,73.0,63.55,886355.3,13034.64,13.0,25.0,92.0,107.0,2023-05-03,2023-05-03,actual
92,2023-05-04,Thursday,67.0,27.0,0.0,3.0,70.0,65.69,761946.68,11372.34,32.0,29.0,91.0,102.0,2023-05-04,2023-05-04,actual
93,2023-05-05,Friday,49.0,22.0,0.0,4.0,53.0,45.37,571445.56,11662.15,39.0,26.0,72.0,108.0,2023-05-05,2023-05-05,actual
94,2023-05-06,Saturday,48.0,22.0,0.0,3.0,51.0,44.86,540432.57,11259.01,24.0,25.0,79.0,107.0,2023-05-06,2023-05-06,actual
95,2023-05-07,Sunday,51.0,23.0,0.0,3.0,54.0,46.36,586731.22,11504.53,21.0,23.0,79.0,110.0,2023-05-07,2023-05-07,actual
96,2023-05-08,Monday,40.0,12.0,0.0,3.0,43.0,37.74,440166.6,11004.17,23.0,24.0,60.0,106.0,2023-05-08,2023-05-08,actual
97,2023-05-09,Tuesday,53.0,36.0,0.0,3.0,56.0,53.54,560098.76,10567.9,23.0,37.0,71.0,99.0,2023-05-09,2023-05-09,actual
98,2023-05-10,Wednesday,56.0,33.0,0.0,3.0,59.0,61.54,824735.17,14727.41,32.0,40.0,72.0,91.0,2023-05-10,2023-05-10,actual
99,2023-05-11,Thursday,57.0,24.0,0.0,3.0,60.0,61.96,638946.5,11209.59,23.0,39.0,75.0,92.0,2023-05-11,2023-05-11,actual
100,2023-05-12,Friday,53.0,30.0,0.0,3.0,56.0,64.63,590480.78,11141.15,34.0,48.0,74.0,82.0,2023-05-12,2023-05-12,actual
101,2023-05-13,Saturday,60.0,35.0,0.0,3.0,63.0,70.59,609992.42,10166.54,28.0,45.0,83.0,85.0,2023-05-13,2023-05-13,actual
102,2023-05-14,Sunday,54.0,17.0,0.0,3.0,57.0,57.45,593675.71,10993.99,23.0,36.0,73.0,94.0,2023-05-14,2023-05-14,actual
103,2023-05-15,Monday,56.0,30.0,0.0,3.0,59.0,60.87,612072.47,10929.87,28.0,39.0,72.0,92.0,2023-05-15,2023-05-15,actual
104,2023-05-16,Tuesday,54.0,20.0,1.0,3.0,58.0,57.45,587359.77,10877.03,21.0,37.0,80.0,94.0,2023-05-16,2023-05-16,actual
105,2023-05-17,Wednesday,73.0,42.0,1.0,5.0,79.0,73.0,842803.94,11545.26,21.0,32.0,109.0,100.0,2023-05-17,2023-05-17,actual
106,2023-05-18,Thursday,75.0,39.0,0.0,6.0,81.0,76.53,871845.66,11624.61,37.0,32.0,108.0,98.0,2023-05-18,2023-05-18,actual
107,2023-05-19,Friday,67.0,28.0,0.0,6.0,73.0,72.83,795522.22,11873.47,36.0,40.0,100.0,92.0,2023-05-19,2023-05-19,actual
108,2023-05-20,Saturday,43.0,21.0,0.0,5.0,48.0,47.25,499092.22,11606.8,46.0,42.0,75.0,91.0,2023-05-20,2023-05-20,actual
109,2023-05-21,Sunday,37.0,24.0,0.0,4.0,41.0,39.36,419778.91,11345.38,31.0,38.0,63.0,94.0,2023-05-21,2023-05-21,actual
110,2023-05-22,Monday,45.0,32.0,0.0,4.0,49.0,47.37,491788.14,10928.63,24.0,37.0,68.0,95.0,2023-05-22,2023-05-22,actual
111,2023-05-23,Tuesday,46.0,33.0,0.0,4.0,50.0,48.94,464336.69,10094.28,32.0,38.0,71.0,94.0,2023-05-23,2023-05-23,actual
112,2023-05-24,Wednesday,64.0,42.0,0.0,4.0,68.0,76.19,691513.33,10804.9,24.0,47.0,98.0,84.0,2023-05-24,2023-05-24,actual
113,2023-05-25,Thursday,59.0,32.0,0.0,4.0,63.0,61.46,655293.14,11106.66,37.0,35.0,83.0,96.0,2023-05-25,2023-05-25,actual
114,2023-05-26,Friday,52.0,28.0,0.0,5.0,57.0,56.52,711278.57,13678.43,33.0,38.0,86.0,92.0,2023-05-26,2023-05-26,actual
115,2023-05-27,Saturday,53.0,26.0,0.0,5.0,58.0,60.92,613854.16,11582.15,25.0,43.0,91.0,87.0,2023-05-27,2023-05-27,actual
116,2023-05-28,Sunday,52.0,35.0,1.0,5.0,58.0,54.74,568052.19,10924.08,36.0,37.0,76.0,95.0,2023-05-28,2023-05-28,actual
117,2023-05-29,Monday,54.0,22.0,0.0,5.0,59.0,58.7,538997.12,9981.43,21.0,41.0,76.0,92.0,2023-05-29,2023-05-29,actual
118,2023-05-30,Tuesday,70.0,37.0,0.0,5.0,75.0,73.68,736032.79,10514.75,23.0,36.0,102.0,95.0,2023-05-30,2023-05-30,actual
119,2023-05-31,Wednesday,71.0,43.0,2.0,5.0,78.0,70.3,768280.79,10820.86,40.0,29.0,114.0,101.0,2023-05-31,2023-05-31,actual
120,2023-06-01,Thursday,66.0,28.0,2.0,5.0,73.0,61.11,626522.73,9492.77,33.0,24.0,94.0,108.0,2023-06-01,2023-06-01,actual
121,2023-06-02,Friday,42.0,20.0,1.0,3.0,46.0,41.18,424561.59,10108.61,48.0,36.0,67.0,102.0,2023-06-02,2023-06-02,actual
122,2023-06-03,Saturday,37.0,25.0,0.0,3.0,40.0,36.63,390489.39,10553.77,31.0,36.0,62.0,101.0,2023-06-03,2023-06-03,actual
123,2023-06-04,Sunday,40.0,25.0,0.0,5.0,45.0,41.24,389209.72,9730.24,22.0,44.0,65.0,97.0,2023-06-04,2023-06-04,actual
124,2023-06-05,Monday,56.0,35.0,0.0,7.0,63.0,61.54,508759.36,9084.99,17.0,40.0,77.0,91.0,2023-06-05,2023-06-05,actual
125,2023-06-06,Tuesday,58.0,26.0,0.0,7.0,65.0,61.7,592782.68,10220.39,25.0,38.0,88.0,94.0,2023-06-06,2023-06-06,actual
126,2023-06-07,Wednesday,71.0,40.0,0.0,8.0,79.0,72.45,638057.82,8986.73,27.0,35.0,101.0,98.0,2023-06-07,2023-06-07,actual
127,2023-06-08,Thursday,69.0,40.0,5.0,6.0,80.0,70.41,732202.3,10611.63,40.0,35.0,106.0,98.0,2023-06-08,2023-06-08,actual
128,2023-06-09,Friday,65.0,33.0,6.0,4.0,75.0,71.43,646307.28,9943.19,40.0,39.0,114.0,91.0,2023-06-09,2023-06-09,actual
129,2023-06-10,Saturday,97.0,73.0,5.0,4.0,106.0,88.99,859908.18,8865.03,43.0,21.0,137.0,109.0,2023-06-10,2023-06-10,actual
130,2023-06-11,Sunday,78.0,11.0,1.0,4.0,83.0,72.22,657396.32,8428.16,34.0,22.0,99.0,108.0,2023-06-11,2023-06-11,actual
131,2023-06-12,Monday,88.0,21.0,0.0,4.0,92.0,80.0,737026.53,8375.3,12.0,20.0,109.0,110.0,2023-06-12,2023-06-12,actual
132,2023-06-13,Tuesday,95.0,23.0,0.0,5.0,100.0,87.16,781205.19,8223.21,15.0,22.0,116.0,109.0,2023-06-13,2023-06-13,actual
133,2023-06-14,Wednesday,72.0,45.0,0.0,4.0,76.0,67.92,655748.6,9107.62,69.0,25.0,112.0,106.0,2023-06-14,2023-06-14,actual
134,2023-06-15,Thursday,81.0,51.0,1.0,5.0,87.0,75.7,798309.58,9855.67,40.0,25.0,118.0,107.0,2023-06-15,2023-06-15,actual
135,2023-06-16,Friday,73.0,45.0,0.0,3.0,76.0,68.22,835067.86,11439.29,56.0,25.0,106.0,107.0,2023-06-16,2023-06-16,actual
136,2023-06-17,Saturday,55.0,29.0,0.0,3.0,58.0,54.46,701992.51,12763.5,47.0,30.0,95.0,101.0,2023-06-17,2023-06-17,actual
137,2023-06-18,Sunday,64.0,38.0,0.0,3.0,67.0,67.37,598251.51,9347.68,30.0,36.0,108.0,95.0,2023-06-18,2023-06-18,actual
138,2023-06-19,Monday,67.0,37.0,0.0,3.0,70.0,67.0,651204.58,9719.47,34.0,33.0,101.0,100.0,2023-06-19,2023-06-19,actual
139,2023-06-20,Tuesday,61.0,37.0,0.0,3.0,64.0,57.01,846418.3,13875.71,43.0,27.0,102.0,107.0,2023-06-20,2023-06-20,actual
140,2023-06-21,Wednesday,63.0,38.0,0.0,3.0,66.0,58.88,579321.53,9195.58,36.0,24.0,100.0,107.0,2023-06-21,2023-06-21,actual
141,2023-06-22,Thursday,73.0,33.0,0.0,3.0,76.0,69.52,614541.6,8418.38,25.0,25.0,114.0,105.0,2023-06-22,2023-06-22,actual
142,2023-06-23,Friday,55.0,21.0,0.0,3.0,58.0,54.46,566191.92,10294.4,38.0,29.0,92.0,101.0,2023-06-23,2023-06-23,actual
143,2023-06-24,Saturday,36.0,17.0,1.0,3.0,40.0,36.73,356997.33,9916.59,35.0,32.0,64.0,98.0,2023-06-24,2023-06-24,actual
144,2023-06-25,Sunday,56.0,36.0,0.0,3.0,59.0,52.34,577458.06,10311.75,16.0,23.0,85.0,107.0,2023-06-25,2023-06-25,actual
145,2023-06-26,Monday,69.0,36.0,0.0,3.0,72.0,66.35,656970.16,9521.31,23.0,26.0,104.0,104.0,2023-06-26,2023-06-26,actual
146,2023-06-27,Tuesday,64.0,27.0,0.0,4.0,68.0,61.54,680538.55,10633.41,31.0,27.0,91.0,104.0,2023-06-27,2023-06-27,actual
147,2023-06-28,Wednesday,59.0,25.0,0.0,3.0,62.0,58.42,604535.52,10246.36,31.0,30.0,87.0,101.0,2023-06-28,2023-06-28,actual
148,2023-06-29,Thursday,72.0,35.0,0.0,3.0,75.0,71.29,772508.83,10729.29,22.0,30.0,109.0,101.0,2023-06-29,2023-06-29,actual
149,2023-06-30,Friday,77.0,37.0,2.0,3.0,82.0,77.78,831343.11,10796.66,30.0,32.0,113.0,99.0,2023-06-30,2023-06-30,actual
150,2023-07-01,Saturday,37.0,18.0,2.0,3.0,42.0,37.37,369792.46,9994.39,58.0,32.0,61.0,99.0,2023-07-01,2023-07-01,actual
151,2023-07-02,Sunday,50.0,33.0,2.0,3.0,55.0,53.76,493445.35,9868.91,20.0,37.0,79.0,93.0,2023-07-02,2023-07-02,actual
152,2023-07-03,Monday,58.0,33.0,2.0,3.0,63.0,61.05,539152.74,9295.74,26.0,35.0,90.0,95.0,2023-07-03,2023-07-03,actual
153,2023-07-04,Tuesday,50.0,23.0,0.0,3.0,53.0,54.35,451556.95,9031.14,32.0,39.0,75.0,92.0,2023-07-04,2023-07-04,actual
154,2023-07-05,Wednesday,76.0,40.0,0.0,3.0,79.0,80.0,727889.94,9577.5,14.0,35.0,106.0,95.0,2023-07-05,2023-07-05,actual
155,2023-07-06,Thursday,79.0,40.0,0.0,3.0,82.0,83.16,772297.61,9775.92,37.0,35.0,113.0,95.0,2023-07-06,2023-07-06,actual
156,2023-07-07,Friday,62.0,29.0,0.0,3.0,65.0,72.09,627225.62,10116.54,45.0,45.0,98.0,86.0,2023-07-07,2023-07-07,actual
157,2023-07-08,Saturday,57.0,29.0,0.0,3.0,60.0,75.0,525836.88,9225.21,34.0,56.0,95.0,76.0,2023-07-08,2023-07-08,actual
158,2023-07-09,Sunday,55.0,30.0,0.0,3.0,58.0,72.37,517293.58,9405.34,32.0,54.0,83.0,76.0,2023-07-09,2023-07-09,actual
159,2023-07-10,Monday,63.0,30.0,0.0,4.0,67.0,73.26,598602.62,9501.63,21.0,46.0,84.0,86.0,2023-07-10,2023-07-10,actual
160,2023-07-11,Tuesday,75.0,33.0,0.0,5.0,80.0,77.32,805218.17,10736.24,21.0,46.0,104.0,97.0,2023-07-11,2023-07-11,actual
161,2023-07-12,Wednesday,84.0,46.0,0.0,5.0,89.0,82.35,833056.36,9917.34,36.0,29.0,112.0,102.0,2023-07-12,2023-07-12,actual
162,2023-07-13,Thursday,104.0,58.0,0.0,5.0,109.0,93.69,983982.42,9461.37,39.0,19.0,137.0,111.0,2023-07-13,2023-07-13,actual
163,2023-07-14,Friday,89.0,30.0,2.0,4.0,95.0,81.65,799265.33,8980.51,44.0,22.0,120.0,109.0,2023-07-14,2023-07-14,actual
164,2023-07-15,Saturday,86.0,44.0,0.0,4.0,90.0,83.5,765254.24,8898.31,49.0,30.0,131.0,103.0,2023-07-15,2023-07-15,actual
165,2023-07-16,Sunday,75.0,40.0,0.0,5.0,80.0,73.53,696140.44,9281.87,50.0,30.0,110.0,102.0,2023-07-16,2023-07-16,actual
166,2023-07-17,Monday,91.0,36.0,0.0,5.0,96.0,82.73,793669.66,8721.64,20.0,20.0,129.0,110.0,2023-07-17,2023-07-17,actual
167,2023-07-18,Tuesday,106.0,44.0,0.0,4.0,110.0,95.5,931334.65,8786.18,30.0,19.0,137.0,111.0,2023-07-18,2023-07-18,actual
168,2023-07-19,Wednesday,99.0,46.0,1.0,4.0,104.0,92.52,873110.86,8819.3,52.0,24.0,127.0,107.0,2023-07-19,2023-07-19,actual
169,2023-07-20,Thursday,105.0,40.0,4.0,3.0,112.0,91.3,918352.91,8746.22,32.0,15.0,136.0,115.0,2023-07-20,2023-07-20,actual
170,2023-07-21,Friday,98.0,48.0,1.0,4.0,103.0,89.91,910717.71,9293.04,57.0,21.0,131.0,109.0,2023-07-21,2023-07-21,actual
171,2023-07-22,Saturday,88.0,52.0,0.0,4.0,92.0,80.0,826886.31,9396.44,63.0,21.0,132.0,110.0,2023-07-22,2023-07-22,actual
172,2023-07-23,Sunday,74.0,35.0,0.0,4.0,78.0,69.81,673433.02,9100.45,48.0,24.0,113.0,106.0,2023-07-23,2023-07-23,actual
173,2023-07-24,Monday,84.0,40.0,0.0,4.0,88.0,79.25,728410.34,8671.55,31.0,24.0,119.0,106.0,2023-07-24,2023-07-24,actual
174,2023-07-25,Tuesday,92.0,49.0,0.0,4.0,96.0,86.79,811277.21,8818.23,41.0,24.0,123.0,106.0,2023-07-25,2023-07-25,actual
175,2023-07-26,Wednesday,99.0,42.0,0.0,4.0,103.0,93.4,869992.51,8787.8,36.0,25.0,140.0,106.0,2023-07-26,2023-07-26,actual
176,2023-07-27,Thursday,101.0,49.0,0.0,4.0,105.0,92.66,938421.54,9291.3,47.0,21.0,136.0,109.0,2023-07-27,2023-07-27,actual
177,2023-07-28,Friday,88.0,45.0,4.0,4.0,96.0,79.28,958736.61,10894.73,54.0,20.0,140.0,111.0,2023-07-28,2023-07-28,actual
178,2023-07-29,Saturday,95.0,58.0,4.0,5.0,104.0,84.82,931638.34,9806.72,50.0,18.0,163.0,112.0,2023-07-29,2023-07-29,actual
179,2023-07-30,Sunday,92.0,41.0,1.0,4.0,97.0,84.4,885841.1,9628.71,48.0,21.0,153.0,109.0,2023-07-30,2023-07-30,actual
180,2023-07-31,Monday,98.0,33.0,0.0,3.0,101.0,89.91,911461.56,9300.63,30.0,21.0,140.0,109.0,2023-07-31,2023-07-31,actual
181,2023-08-01,Tuesday,114.0,58.0,3.0,2.0,119.0,95.0,1027084.89,9009.52,39.0,10.0,165.0,120.0,2023-08-01,2023-08-01,actual
182,2023-08-02,Wednesday,111.0,31.0,3.0,4.0,118.0,93.28,1033683.71,9312.47,33.0,11.0,156.0,119.0,2023-08-02,2023-08-02,actual
183,2023-08-03,Thursday,91.0,36.0,1.0,4.0,96.0,82.73,856773.34,9415.09,58.0,21.0,139.0,110.0,2023-08-03,2023-08-03,actual
184,2023-08-04,Friday,78.0,26.0,3.0,5.0,86.0,75.0,766586.46,9828.03,36.0,25.0,136.0,104.0,2023-08-04,2023-08-04,actual
185,2023-08-05,Saturday,71.0,42.0,3.0,4.0,78.0,68.93,747202.17,10523.97,50.0,27.0,125.0,103.0,2023-08-05,2023-08-05,actual
186,2023-08-06,Sunday,67.0,32.0,0.0,5.0,72.0,66.34,678083.64,10120.65,38.0,29.0,119.0,101.0,2023-08-06,2023-08-06,actual
187,2023-08-07,Monday,85.0,41.0,0.0,4.0,89.0,84.16,937663.26,11031.33,25.0,32.0,124.0,101.0,2023-08-07,2023-08-07,actual
188,2023-08-08,Tuesday,91.0,47.0,1.0,4.0,96.0,90.1,805493.76,8851.58,41.0,28.0,128.0,101.0,2023-08-08,2023-08-08,actual
189,2023-08-09,Wednesday,95.0,42.0,0.0,3.0,98.0,94.06,914224.99,9623.42,40.0,29.0,140.0,101.0,2023-08-09,2023-08-09,actual
190,2023-08-10,Thursday,91.0,42.0,2.0,4.0,97.0,86.67,935364.18,10278.73,42.0,25.0,143.0,105.0,2023-08-10,2023-08-10,actual
191,2023-08-11,Friday,94.0,45.0,0.0,4.0,98.0,88.68,951519.65,10122.55,44.0,25.0,150.0,106.0,2023-08-11,2023-08-11,actual
192,2023-08-12,Saturday,73.0,30.0,0.0,3.0,76.0,69.52,820741.56,11243.04,52.0,28.0,134.0,105.0,2023-08-12,2023-08-12,actual
193,2023-08-13,Sunday,117.0,82.0,0.0,2.0,119.0,98.32,981903.13,8392.33,38.0,11.0,216.0,119.0,2023-08-13,2023-08-13,actual
194,2023-08-14,Monday,103.0,76.0,0.0,4.0,107.0,88.03,868580.53,8432.82,87.0,13.0,194.0,117.0,2023-08-14,2023-08-14,actual
195,2023-08-15,Tuesday,49.0,27.0,0.0,3.0,52.0,45.37,529616.62,10808.5,82.0,22.0,73.0,108.0,2023-08-15,2023-08-15,actual
196,2023-08-16,Wednesday,79.0,47.0,0.0,5.0,84.0,74.53,733495.03,9284.75,15.0,26.0,120.0,106.0,2023-08-16,2023-08-16,actual
197,2023-08-17,Thursday,83.0,35.0,0.0,5.0,88.0,80.58,730098.59,8796.37,31.0,27.0,120.0,103.0,2023-08-17,2023-08-17,actual
198,2023-08-18,Friday,71.0,33.0,1.0,5.0,77.0,67.62,690466.86,9724.89,46.0,26.0,115.0,105.0,2023-08-18,2023-08-18,actual
199,2023-08-19,Saturday,77.0,39.0,1.0,6.0,84.0,77.0,777389.58,10095.97,32.0,32.0,137.0,100.0,2023-08-19,2023-08-19,actual
200,2023-08-20,Sunday,77.0,36.0,3.0,6.0,86.0,70.64,707102.64,9183.15,36.0,21.0,130.0,109.0,2023-08-20,2023-08-20,actual
201,2023-08-21,Monday,100.0,63.0,2.0,2.0,104.0,82.64,851892.85,8518.93,44.0,9.0,182.0,121.0,2023-08-21,2023-08-21,actual
202,2023-08-22,Tuesday,100.0,30.0,0.0,3.0,103.0,84.75,942847.38,9428.47,31.0,13.0,175.0,118.0,2023-08-22,2023-08-22,actual
203,2023-08-23,Wednesday,97.0,69.0,3.0,5.0,105.0,85.09,1124084.66,11588.5,67.0,16.0,155.0,114.0,2023-08-23,2023-08-23,actual
204,2023-08-24,Thursday,110.0,45.0,3.0,4.0,117.0,93.22,1081943.11,9835.85,33.0,12.0,169.0,118.0,2023-08-24,2023-08-24,actual
205,2023-08-25,Friday,104.0,39.0,0.0,6.0,110.0,90.43,1123626.85,10804.1,46.0,15.0,169.0,115.0,2023-08-25,2023-08-25,actual
206,2023-08-26,Saturday,94.0,47.0,2.0,6.0,102.0,89.52,1090126.75,11597.09,55.0,25.0,160.0,105.0,2023-08-26,2023-08-26,actual
207,2023-08-27,Sunday,82.0,31.0,1.0,6.0,89.0,78.1,866327.64,10564.97,44.0,25.0,133.0,105.0,2023-08-27,2023-08-27,actual
208,2023-08-28,Monday,78.0,35.0,0.0,6.0,84.0,80.41,833580.73,10686.93,40.0,35.0,117.0,97.0,2023-08-28,2023-08-28,actual
209,2023-08-29,Tuesday,63.0,26.0,0.0,7.0,70.0,64.29,611663.12,9708.94,40.0,36.0,100.0,98.0,2023-08-29,2023-08-29,actual
210,2023-08-30,Wednesday,61.0,20.0,0.0,4.0,65.0,61.62,563664.75,9240.41,25.0,32.0,88.0,99.0,2023-08-30,2023-08-30,actual
211,2023-08-31,Thursday,66.0,33.0,0.0,6.0,72.0,60.55,714263.62,10822.18,26.0,21.0,98.0,109.0,2023-08-31,2023-08-31,actual
212,2023-09-01,Friday,71.0,38.0,1.0,5.0,77.0,65.74,893115.29,12579.09,34.0,22.0,120.0,108.0,2023-09-01,2023-09-01,actual
213,2023-09-02,Saturday,78.0,43.0,0.0,5.0,83.0,75.0,974174.34,12489.41,37.0,27.0,129.0,104.0,2023-09-02,2023-09-02,actual
214,2023-09-03,Sunday,111.0,73.0,0.0,4.0,115.0,94.87,1524039.62,13730.09,41.0,13.0,144.0,117.0,2023-09-03,2023-09-03,actual
215,2023-09-04,Monday,106.0,31.0,0.0,3.0,109.0,92.17,1382589.74,13043.3,37.0,15.0,132.0,115.0,2023-09-04,2023-09-04,actual
216,2023-09-05,Tuesday,79.0,34.0,0.0,2.0,81.0,68.1,1155281.75,14623.82,61.0,14.0,99.0,116.0,2023-09-05,2023-09-05,actual
217,2023-09-06,Wednesday,49.0,30.0,0.0,2.0,51.0,42.24,777525.57,15867.87,60.0,15.0,62.0,116.0,2023-09-06,2023-09-06,actual
218,2023-09-07,Thursday,54.0,33.0,0.0,5.0,59.0,44.63,858385.0,15896.02,25.0,11.0,61.0,121.0,2023-09-07,2023-09-07,actual
219,2023-09-08,Friday,77.0,26.0,0.0,5.0,82.0,63.11,1518085.0,19715.39,3.0,8.0,84.0,122.0,2023-09-08,2023-09-08,actual
220,2023-09-09,Saturday,114.0,41.0,0.0,6.0,120.0,93.44,3284385.0,28810.39,3.0,8.0,122.0,122.0,2023-09-09,2023-09-09,actual
221,2023-09-10,Sunday,28.0,1.0,0.0,3.0,31.0,22.95,4698585.0,167806.61,90.0,8.0,33.0,122.0,2023-09-10,2023-09-10,actual
222,2023-09-11,Monday,54.0,49.0,0.0,2.0,56.0,45.38,1355301.32,25098.17,25.0,15.0,85.0,119.0,2023-09-11,2023-09-11,actual
223,2023-09-12,Tuesday,90.0,56.0,0.0,4.0,94.0,76.92,1168939.11,12988.21,18.0,14.0,136.0,117.0,2023-09-12,2023-09-12,actual
224,2023-09-13,Wednesday,104.0,50.0,1.0,4.0,109.0,88.89,1219858.38,11729.41,35.0,13.0,156.0,117.0,2023-09-13,2023-09-13,actual
225,2023-09-14,Thursday,111.0,48.0,1.0,3.0,115.0,94.07,1325031.55,11937.22,42.0,12.0,159.0,118.0,2023-09-14,2023-09-14,actual
226,2023-09-15,Friday,91.0,42.0,0.0,4.0,95.0,81.25,1195539.73,13137.8,62.0,18.0,145.0,112.0,2023-09-15,2023-09-15,actual
227,2023-09-16,Saturday,118.0,58.0,0.0,2.0,120.0,98.33,1420626.72,12039.21,33.0,10.0,180.0,120.0,2023-09-16,2023-09-16,actual
228,2023-09-17,Sunday,112.0,32.0,0.0,4.0,116.0,94.12,1283279.41,11457.85,37.0,11.0,165.0,119.0,2023-09-17,2023-09-17,actual
229,2023-09-18,Monday,108.0,31.0,2.0,4.0,114.0,93.1,1259824.13,11665.04,33.0,14.0,151.0,116.0,2023-09-18,2023-09-18,actual
230,2023-09-19,Tuesday,95.0,42.0,0.0,4.0,99.0,84.07,1110372.15,11688.13,57.0,17.0,139.0,113.0,2023-09-19,2023-09-19,actual
231,2023-09-20,Wednesday,99.0,47.0,0.0,4.0,103.0,90.0,1219701.04,12320.21,43.0,20.0,154.0,110.0,2023-09-20,2023-09-20,actual
232,2023-09-21,Thursday,109.0,48.0,0.0,4.0,113.0,95.61,1382910.41,12687.25,37.0,16.0,176.0,114.0,2023-09-21,2023-09-21,actual
233,2023-09-22,Friday,111.0,50.0,2.0,2.0,115.0,95.69,1390542.59,12527.41,50.0,14.0,176.0,116.0,2023-09-22,2023-09-22,actual
234,2023-09-23,Saturday,104.0,34.0,2.0,3.0,109.0,92.86,1322570.12,12717.02,40.0,18.0,170.0,112.0,2023-09-23,2023-09-23,actual
235,2023-09-24,Sunday,93.0,53.0,0.0,3.0,96.0,85.32,1180931.85,12698.19,66.0,21.0,133.0,109.0,2023-09-24,2023-09-24,actual
236,2023-09-25,Monday,97.0,34.0,0.0,3.0,100.0,88.18,1132569.9,11675.98,30.0,20.0,134.0,110.0,2023-09-25,2023-09-25,actual
237,2023-09-26,Tuesday,94.0,36.0,1.0,3.0,98.0,86.24,1117128.83,11884.35,38.0,21.0,130.0,109.0,2023-09-26,2023-09-26,actual
238,2023-09-27,Wednesday,106.0,54.0,1.0,3.0,110.0,93.81,1365367.68,12880.83,42.0,17.0,154.0,113.0,2023-09-27,2023-09-27,actual
239,2023-09-28,Thursday,95.0,27.0,2.0,3.0,100.0,85.59,1152806.01,12134.8,37.0,19.0,152.0,111.0,2023-09-28,2023-09-28,actual
240,2023-09-29,Friday,78.0,39.0,2.0,3.0,83.0,72.22,999120.77,12809.24,56.0,22.0,141.0,108.0,2023-09-29,2023-09-29,actual
241,2023-09-30,Saturday,90.0,51.0,1.0,4.0,95.0,83.33,1192924.19,13254.71,40.0,22.0,166.0,108.0,2023-09-30,2023-09-30,actual
242,2023-10-01,Sunday,94.0,49.0,4.0,2.0,100.0,87.04,1214757.04,12922.95,46.0,22.0,166.0,108.0,2023-10-01,2023-10-01,actual
243,2023-10-02,Monday,82.0,37.0,4.0,2.0,88.0,76.64,1048575.24,12787.5,49.0,23.0,141.0,107.0,2023-10-02,2023-10-02,actual
244,2023-10-03,Tuesday,85.0,41.0,0.0,3.0,88.0,77.27,1136565.86,13371.36,41.0,20.0,128.0,110.0,2023-10-03,2023-10-03,actual
245,2023-10-04,Wednesday,113.0,65.0,0.0,3.0,116.0,97.41,1501364.72,13286.41,37.0,14.0,155.0,116.0,2023-10-04,2023-10-04,actual
246,2023-10-05,Thursday,108.0,48.0,0.0,5.0,113.0,93.1,1428204.6,13224.12,51.0,14.0,154.0,116.0,2023-10-05,2023-10-05,actual
247,2023-10-06,Friday,90.0,28.0,0.0,3.0,93.0,80.36,1240705.74,13785.62,49.0,18.0,143.0,112.0,2023-10-06,2023-10-06,actual
248,2023-10-07,Saturday,95.0,49.0,0.0,3.0,98.0,84.82,1358334.48,14298.26,44.0,18.0,158.0,112.0,2023-10-07,2023-10-07,actual
249,2023-10-08,Sunday,101.0,53.0,0.0,3.0,104.0,87.83,1389880.72,13761.2,47.0,15.0,147.0,115.0,2023-10-08,2023-10-08,actual
250,2023-10-09,Monday,119.0,51.0,0.0,1.0,120.0,99.17,1614832.45,13570.02,34.0,10.0,163.0,120.0,2023-10-09,2023-10-09,actual
251,2023-10-10,Tuesday,119.0,29.0,0.0,1.0,120.0,99.17,1679101.86,14110.1,31.0,10.0,158.0,120.0,2023-10-10,2023-10-10,actual
252,2023-10-11,Wednesday,117.0,29.0,0.0,2.0,119.0,98.32,1678719.89,14348.03,31.0,11.0,156.0,119.0,2023-10-11,2023-10-11,actual
253,2023-10-12,Thursday,117.0,45.0,1.0,2.0,120.0,97.5,1611966.24,13777.49,44.0,10.0,170.0,120.0,2023-10-12,2023-10-12,actual
254,2023-10-13,Friday,117.0,48.0,1.0,2.0,120.0,97.5,1648950.03,14093.59,49.0,10.0,194.0,120.0,2023-10-13,2023-10-13,actual
255,2023-10-14,Saturday,113.0,48.0,0.0,3.0,116.0,97.41,1627881.72,14406.03,54.0,14.0,191.0,116.0,2023-10-14,2023-10-14,actual
256,2023-10-15,Sunday,94.0,31.0,0.0,3.0,97.0,80.34,1370968.66,14584.77,50.0,14.0,158.0,117.0,2023-10-15,2023-10-15,actual
257,2023-10-16,Monday,102.0,53.0,0.0,3.0,105.0,89.47,1489621.57,14604.13,45.0,16.0,160.0,114.0,2023-10-16,2023-10-16,actual
258,2023-10-17,Tuesday,98.0,47.0,0.0,3.0,101.0,83.05,1520521.41,15515.52,51.0,12.0,149.0,118.0,2023-10-17,2023-10-17,actual
259,2023-10-18,Wednesday,106.0,45.0,0.0,3.0,109.0,88.33,1521724.59,14355.89,38.0,10.0,155.0,120.0,2023-10-18,2023-10-18,actual
260,2023-10-19,Thursday,100.0,52.0,2.0,5.0,107.0,90.09,1560573.56,15605.74,56.0,19.0,159.0,111.0,2023-10-19,2023-10-19,actual
261,2023-10-20,Friday,87.0,38.0,2.0,4.0,93.0,78.38,1189865.0,13676.61,50.0,20.0,131.0,111.0,2023-10-20,2023-10-20,actual
262,2023-10-21,Saturday,100.0,44.0,1.0,3.0,104.0,89.29,1491531.14,14915.31,33.0,18.0,149.0,112.0,2023-10-21,2023-10-21,actual
263,2023-10-22,Sunday,92.0,39.0,1.0,3.0,96.0,84.4,1424739.24,15486.3,49.0,21.0,153.0,109.0,2023-10-22,2023-10-22,actual
264,2023-10-23,Monday,90.0,33.0,0.0,3.0,93.0,80.36,1207595.55,13417.73,36.0,18.0,141.0,112.0,2023-10-23,2023-10-23,actual
265,2023-10-24,Tuesday,101.0,45.0,0.0,2.0,103.0,87.83,1336085.33,13228.57,37.0,15.0,156.0,115.0,2023-10-24,2023-10-24,actual
266,2023-10-25,Wednesday,105.0,38.0,1.0,3.0,109.0,90.52,1356057.26,12914.83,32.0,14.0,162.0,116.0,2023-10-25,2023-10-25,actual
785,2023-02-01,Wednesday,118.0,37.0,0.0,2.0,118.0,97.479,1525371.79,12926.8795,33.0,11.0,155.0,119.0,2023-02-01,2023-02-01,actual
786,2023-02-02,Thursday,118.0,29.0,0.0,3.0,118.0,95.8333,1448656.84,12276.7528,29.0,10.0,159.0,120.0,2023-02-02,2023-02-02,actual
787,2023-02-03,Friday,119.0,36.0,0.0,2.0,119.0,97.5,1532358.27,12876.9602,35.0,10.0,173.0,120.0,2023-02-03,2023-02-03,actual
788,2023-02-04,Saturday,121.0,60.0,2.0,2.0,121.0,96.6942,1526782.32,12618.0357,60.0,9.0,189.0,121.0,2023-02-04,2023-02-04,actual
789,2023-02-05,Sunday,110.0,50.0,2.0,3.0,110.0,88.9831,1499626.34,13632.9667,62.0,13.0,173.0,118.0,2023-02-05,2023-02-05,actual
790,2023-04-01,Saturday,111.0,48.0,3.0,1.0,115.0,93.28,1162842.58,10476.06,49.0,11.0,180.0,119.0,2023-04-01,2023-04-01,actual
791,2023-04-02,Sunday,97.0,50.0,1.0,4.0,102.0,83.62,1079504.25,11128.91,63.0,14.0,160.0,116.0,2023-04-02,2023-04-02,actual
792,2023-04-03,Monday,88.0,40.0,0.0,4.0,92.0,75.86,931371.15,10583.76,52.0,14.0,132.0,116.0,2023-04-03,2023-04-03,actual
793,2023-04-04,Tuesday,68.0,32.0,1.0,3.0,72.0,61.82,776760.7,11422.95,53.0,20.0,108.0,110.0,2023-04-04,2023-04-04,actual
794,2023-04-05,Wednesday,54.0,29.0,0.0,2.0,56.0,49.54,647427.35,11989.4,45.0,21.0,79.0,109.0,2023-04-05,2023-04-05,actual
795,2023-04-06,Thursday,52.0,28.0,0.0,2.0,54.0,50.0,642827.33,12362.06,30.0,28.0,80.0,104.0,2023-04-06,2023-04-06,actual
796,2023-04-07,Friday,64.0,39.0,2.0,3.0,69.0,72.73,732105.03,11439.14,24.0,42.0,106.0,88.0,2023-04-07,2023-04-07,actual
797,2023-04-08,Saturday,66.0,34.0,0.0,2.0,68.0,61.68,739155.88,11199.33,35.0,24.0,115.0,107.0,2023-04-08,2023-04-08,actual
798,2023-04-09,Sunday,50.0,24.0,2.0,2.0,54.0,46.3,538998.07,10779.96,38.0,22.0,86.0,108.0,2023-04-09,2023-04-09,actual
799,2023-04-10,Monday,55.0,30.0,4.0,2.0,61.0,50.93,653542.17,11882.58,23.0,22.0,91.0,108.0,2023-04-10,2023-04-10,actual
800,2023-04-11,Tuesday,81.0,43.0,8.0,2.0,91.0,75.0,867716.07,10712.54,14.0,27.0,140.0,108.0,2023-04-11,2023-04-11,actual
801,2023-04-12,Wednesday,85.0,52.0,8.0,1.0,94.0,78.7,1012602.08,11912.97,50.0,22.0,144.0,108.0,2023-04-12,2023-04-12,actual
802,2023-04-13,Thursday,93.0,48.0,1.0,2.0,96.0,83.04,1083467.34,11650.19,46.0,18.0,144.0,112.0,2023-04-13,2023-04-13,actual
803,2023-04-14,Friday,77.0,32.0,1.0,2.0,80.0,73.33,834649.23,10839.6,49.0,25.0,119.0,105.0,2023-04-14,2023-04-14,actual
804,2023-04-15,Saturday,75.0,38.0,1.0,2.0,78.0,70.75,842656.73,11235.42,40.0,24.0,123.0,106.0,2023-04-15,2023-04-15,actual
805,2023-04-16,Sunday,77.0,41.0,1.0,2.0,80.0,69.37,873460.34,11343.64,39.0,19.0,111.0,111.0,2023-04-16,2023-04-16,actual
806,2023-04-17,Monday,109.0,55.0,3.0,2.0,114.0,94.78,1261832.59,11576.45,21.0,15.0,150.0,115.0,2023-04-17,2023-04-17,actual
807,2023-04-18,Tuesday,109.0,54.0,4.0,3.0,116.0,93.16,1310534.43,12023.25,52.0,13.0,159.0,117.0,2023-04-18,2023-04-18,actual
808,2023-04-19,Wednesday,93.0,33.0,3.0,2.0,98.0,81.58,1041768.27,11201.81,51.0,16.0,137.0,114.0,2023-04-19,2023-04-19,actual
809,2023-04-20,Thursday,60.0,25.0,3.0,1.0,64.0,54.05,765210.73,12753.51,59.0,19.0,92.0,111.0,2023-04-20,2023-04-20,actual
810,2023-04-21,Friday,54.0,29.0,6.0,2.0,62.0,50.0,618452.36,11452.82,31.0,24.0,94.0,108.0,2023-04-21,2023-04-21,actual
811,2023-04-22,Saturday,57.0,29.0,3.0,4.0,64.0,51.82,621621.1,10905.63,27.0,22.0,100.0,110.0,2023-04-22,2023-04-22,actual
812,2023-04-23,Sunday,52.0,29.0,1.0,5.0,58.0,47.27,675604.68,12992.4,35.0,20.0,82.0,110.0,2023-04-23,2023-04-23,actual
813,2023-04-24,Monday,69.0,38.0,0.0,4.0,73.0,65.09,856695.93,12415.88,25.0,26.0,100.0,106.0,2023-04-24,2023-04-24,actual
814,2023-04-25,Tuesday,64.0,24.0,0.0,4.0,68.0,60.95,760549.19,11883.58,31.0,27.0,91.0,105.0,2023-04-25,2023-04-25,actual
815,2023-04-26,Wednesday,88.0,49.0,2.0,5.0,95.0,76.52,971866.32,11043.94,23.0,17.0,126.0,115.0,2023-04-26,2023-04-26,actual
816,2023-04-27,Thursday,109.0,57.0,0.0,4.0,113.0,93.97,1210920.25,11109.36,39.0,14.0,142.0,116.0,2023-04-27,2023-04-27,actual
817,2023-04-28,Friday,76.0,17.0,2.0,4.0,82.0,66.67,844902.49,11117.14,48.0,16.0,102.0,114.0,2023-04-28,2023-04-28,actual
818,2023-04-29,Saturday,63.0,31.0,1.0,5.0,69.0,58.33,798955.46,12681.83,44.0,22.0,101.0,108.0,2023-04-29,2023-04-29,actual
819,2023-04-30,Sunday,68.0,29.0,2.0,3.0,73.0,59.13,844753.78,12422.85,25.0,17.0,105.0,115.0,2023-04-30,2023-04-30,actual
820,2023-05-01,Monday,68.0,26.0,1.0,3.0,72.0,61.26,769122.72,11310.63,27.0,19.0,111.0,111.0,2023-05-01,2023-05-01,actual
821,2023-05-02,Tuesday,56.0,21.0,1.0,3.0,60.0,50.91,613651.19,10958.06,32.0,24.0,79.0,110.0,2023-05-02,2023-05-02,actual
822,2023-05-03,Wednesday,68.0,27.0,2.0,3.0,73.0,63.55,886355.3,13034.64,13.0,25.0,92.0,107.0,2023-05-03,2023-05-03,actual
823,2023-05-04,Thursday,67.0,27.0,0.0,3.0,70.0,65.69,761946.68,11372.34,32.0,29.0,91.0,102.0,2023-05-04,2023-05-04,actual
824,2023-05-05,Friday,49.0,22.0,0.0,4.0,53.0,45.37,571445.56,11662.15,39.0,26.0,72.0,108.0,2023-05-05,2023-05-05,actual
825,2023-05-06,Saturday,48.0,22.0,0.0,3.0,51.0,44.86,540432.57,11259.01,24.0,25.0,79.0,107.0,2023-05-06,2023-05-06,actual
826,2023-05-07,Sunday,51.0,23.0,0.0,3.0,54.0,46.36,586731.22,11504.53,21.0,23.0,79.0,110.0,2023-05-07,2023-05-07,actual
827,2023-05-08,Monday,40.0,12.0,0.0,3.0,43.0,37.74,440166.6,11004.17,23.0,24.0,60.0,106.0,2023-05-08,2023-05-08,actual
828,2023-05-09,Tuesday,53.0,36.0,0.0,3.0,56.0,53.54,560098.76,10567.9,23.0,37.0,71.0,99.0,2023-05-09,2023-05-09,actual
829,2023-05-10,Wednesday,56.0,33.0,0.0,3.0,59.0,61.54,824735.17,14727.41,32.0,40.0,72.0,91.0,2023-05-10,2023-05-10,actual
830,2023-05-11,Thursday,57.0,24.0,0.0,3.0,60.0,61.96,638946.5,11209.59,23.0,39.0,75.0,92.0,2023-05-11,2023-05-11,actual
831,2023-05-12,Friday,53.0,30.0,0.0,3.0,56.0,64.63,590480.78,11141.15,34.0,48.0,74.0,82.0,2023-05-12,2023-05-12,actual
832,2023-05-13,Saturday,60.0,35.0,0.0,3.0,63.0,70.59,609992.42,10166.54,28.0,45.0,83.0,85.0,2023-05-13,2023-05-13,actual
833,2023-05-14,Sunday,54.0,17.0,0.0,3.0,57.0,57.45,593675.71,10993.99,23.0,36.0,73.0,94.0,2023-05-14,2023-05-14,actual
834,2023-05-15,Monday,56.0,30.0,0.0,3.0,59.0,60.87,612072.47,10929.87,28.0,39.0,72.0,92.0,2023-05-15,2023-05-15,actual
835,2023-05-16,Tuesday,54.0,20.0,1.0,3.0,58.0,57.45,587359.77,10877.03,21.0,37.0,80.0,94.0,2023-05-16,2023-05-16,actual
836,2023-05-17,Wednesday,73.0,42.0,1.0,5.0,79.0,73.0,842803.94,11545.26,21.0,32.0,109.0,100.0,2023-05-17,2023-05-17,actual
837,2023-05-18,Thursday,75.0,39.0,0.0,6.0,81.0,76.53,871845.66,11624.61,37.0,32.0,108.0,98.0,2023-05-18,2023-05-18,actual
838,2023-05-19,Friday,67.0,28.0,0.0,6.0,73.0,72.83,795522.22,11873.47,36.0,40.0,100.0,92.0,2023-05-19,2023-05-19,actual
839,2023-05-20,Saturday,43.0,21.0,0.0,5.0,48.0,47.25,499092.22,11606.8,46.0,42.0,75.0,91.0,2023-05-20,2023-05-20,actual
840,2023-05-21,Sunday,37.0,24.0,0.0,4.0,41.0,39.36,419778.91,11345.38,31.0,38.0,63.0,94.0,2023-05-21,2023-05-21,actual
841,2023-05-22,Monday,45.0,32.0,0.0,4.0,49.0,47.37,491788.14,10928.63,24.0,37.0,68.0,95.0,2023-05-22,2023-05-22,actual
842,2023-05-23,Tuesday,46.0,33.0,0.0,4.0,50.0,48.94,464336.69,10094.28,32.0,38.0,71.0,94.0,2023-05-23,2023-05-23,actual
843,2023-05-24,Wednesday,64.0,42.0,0.0,4.0,68.0,76.19,691513.33,10804.9,24.0,47.0,98.0,84.0,2023-05-24,2023-05-24,actual
844,2023-05-25,Thursday,59.0,32.0,0.0,4.0,63.0,61.46,655293.14,11106.66,37.0,35.0,83.0,96.0,2023-05-25,2023-05-25,actual
845,2023-05-26,Friday,52.0,28.0,0.0,5.0,57.0,56.52,711278.57,13678.43,33.0,38.0,86.0,92.0,2023-05-26,2023-05-26,actual
846,2023-05-27,Saturday,53.0,26.0,0.0,5.0,58.0,60.92,613854.16,11582.15,25.0,43.0,91.0,87.0,2023-05-27,2023-05-27,actual
847,2023-05-28,Sunday,52.0,35.0,1.0,5.0,58.0,54.74,568052.19,10924.08,36.0,37.0,76.0,95.0,2023-05-28,2023-05-28,actual
848,2023-05-29,Monday,54.0,22.0,0.0,5.0,59.0,58.7,538997.12,9981.43,21.0,41.0,76.0,92.0,2023-05-29,2023-05-29,actual
849,2023-05-30,Tuesday,70.0,37.0,0.0,5.0,75.0,73.68,736032.79,10514.75,23.0,36.0,102.0,95.0,2023-05-30,2023-05-30,actual
850,2023-05-31,Wednesday,71.0,43.0,2.0,5.0,78.0,70.3,768280.79,10820.86,40.0,29.0,114.0,101.0,2023-05-31,2023-05-31,actual
851,2023-06-01,Thursday,66.0,28.0,2.0,5.0,73.0,61.11,626522.73,9492.77,33.0,24.0,94.0,108.0,2023-06-01,2023-06-01,actual
852,2023-06-02,Friday,42.0,20.0,1.0,3.0,46.0,41.18,424561.59,10108.61,48.0,36.0,67.0,102.0,2023-06-02,2023-06-02,actual
853,2023-06-03,Saturday,37.0,25.0,0.0,3.0,40.0,36.63,390489.39,10553.77,31.0,36.0,62.0,101.0,2023-06-03,2023-06-03,actual
854,2023-06-04,Sunday,40.0,25.0,0.0,5.0,45.0,41.24,389209.72,9730.24,22.0,44.0,65.0,97.0,2023-06-04,2023-06-04,actual
855,2023-06-05,Monday,56.0,35.0,0.0,7.0,63.0,61.54,508759.36,9084.99,17.0,40.0,77.0,91.0,2023-06-05,2023-06-05,actual
856,2023-06-06,Tuesday,58.0,26.0,0.0,7.0,65.0,61.7,592782.68,10220.39,25.0,38.0,88.0,94.0,2023-06-06,2023-06-06,actual
857,2023-06-07,Wednesday,71.0,40.0,0.0,8.0,79.0,72.45,638057.82,8986.73,27.0,35.0,101.0,98.0,2023-06-07,2023-06-07,actual
858,2023-06-08,Thursday,69.0,40.0,5.0,6.0,80.0,70.41,732202.3,10611.63,40.0,35.0,106.0,98.0,2023-06-08,2023-06-08,actual
859,2023-06-09,Friday,65.0,33.0,6.0,4.0,75.0,71.43,646307.28,9943.19,40.0,39.0,114.0,91.0,2023-06-09,2023-06-09,actual
860,2023-06-10,Saturday,97.0,73.0,5.0,4.0,106.0,88.99,859908.18,8865.03,43.0,21.0,137.0,109.0,2023-06-10,2023-06-10,actual
861,2023-06-11,Sunday,78.0,11.0,1.0,4.0,83.0,72.22,657396.32,8428.16,34.0,22.0,99.0,108.0,2023-06-11,2023-06-11,actual
862,2023-06-12,Monday,88.0,21.0,0.0,4.0,92.0,80.0,737026.53,8375.3,12.0,20.0,109.0,110.0,2023-06-12,2023-06-12,actual
863,2023-06-13,Tuesday,95.0,23.0,0.0,5.0,100.0,87.16,781205.19,8223.21,15.0,22.0,116.0,109.0,2023-06-13,2023-06-13,actual
864,2023-06-14,Wednesday,72.0,45.0,0.0,4.0,76.0,67.92,655748.6,9107.62,69.0,25.0,112.0,106.0,2023-06-14,2023-06-14,actual
865,2023-06-15,Thursday,81.0,51.0,1.0,5.0,87.0,75.7,798309.58,9855.67,40.0,25.0,118.0,107.0,2023-06-15,2023-06-15,actual
866,2023-06-16,Friday,73.0,45.0,0.0,3.0,76.0,68.22,835067.86,11439.29,56.0,25.0,106.0,107.0,2023-06-16,2023-06-16,actual
867,2023-06-17,Saturday,55.0,29.0,0.0,3.0,58.0,54.46,701992.51,12763.5,47.0,30.0,95.0,101.0,2023-06-17,2023-06-17,actual
868,2023-06-18,Sunday,64.0,38.0,0.0,3.0,67.0,67.37,598251.51,9347.68,30.0,36.0,108.0,95.0,2023-06-18,2023-06-18,actual
869,2023-06-19,Monday,67.0,37.0,0.0,3.0,70.0,67.0,651204.58,9719.47,34.0,33.0,101.0,100.0,2023-06-19,2023-06-19,actual
870,2023-06-20,Tuesday,61.0,37.0,0.0,3.0,64.0,57.01,846418.3,13875.71,43.0,27.0,102.0,107.0,2023-06-20,2023-06-20,actual
871,2023-06-21,Wednesday,63.0,38.0,0.0,3.0,66.0,58.88,579321.53,9195.58,36.0,24.0,100.0,107.0,2023-06-21,2023-06-21,actual
872,2023-06-22,Thursday,73.0,33.0,0.0,3.0,76.0,69.52,614541.6,8418.38,25.0,25.0,114.0,105.0,2023-06-22,2023-06-22,actual
873,2023-06-23,Friday,55.0,21.0,0.0,3.0,58.0,54.46,566191.92,10294.4,38.0,29.0,92.0,101.0,2023-06-23,2023-06-23,actual
874,2023-06-24,Saturday,36.0,17.0,1.0,3.0,40.0,36.73,356997.33,9916.59,35.0,32.0,64.0,98.0,2023-06-24,2023-06-24,actual
875,2023-06-25,Sunday,56.0,36.0,0.0,3.0,59.0,52.34,577458.06,10311.75,16.0,23.0,85.0,107.0,2023-06-25,2023-06-25,actual
876,2023-06-26,Monday,69.0,36.0,0.0,3.0,72.0,66.35,656970.16,9521.31,23.0,26.0,104.0,104.0,2023-06-26,2023-06-26,actual
877,2023-06-27,Tuesday,64.0,27.0,0.0,4.0,68.0,61.54,680538.55,10633.41,31.0,27.0,91.0,104.0,2023-06-27,2023-06-27,actual
878,2023-06-28,Wednesday,59.0,25.0,0.0,3.0,62.0,58.42,604535.52,10246.36,31.0,30.0,87.0,101.0,2023-06-28,2023-06-28,actual
879,2023-06-29,Thursday,72.0,35.0,0.0,3.0,75.0,71.29,772508.83,10729.29,22.0,30.0,109.0,101.0,2023-06-29,2023-06-29,actual
880,2023-06-30,Friday,77.0,37.0,2.0,3.0,82.0,77.78,831343.11,10796.66,30.0,32.0,113.0,99.0,2023-06-30,2023-06-30,actual
881,2023-07-01,Saturday,37.0,18.0,2.0,3.0,42.0,37.37,369792.46,9994.39,58.0,32.0,61.0,99.0,2023-07-01,2023-07-01,actual
882,2023-07-02,Sunday,50.0,33.0,2.0,3.0,55.0,53.76,493445.35,9868.91,20.0,37.0,79.0,93.0,2023-07-02,2023-07-02,actual
883,2023-07-03,Monday,58.0,33.0,2.0,3.0,63.0,61.05,539152.74,9295.74,26.0,35.0,90.0,95.0,2023-07-03,2023-07-03,actual
884,2023-07-04,Tuesday,50.0,23.0,0.0,3.0,53.0,54.35,451556.95,9031.14,32.0,39.0,75.0,92.0,2023-07-04,2023-07-04,actual
885,2023-07-05,Wednesday,76.0,40.0,0.0,3.0,79.0,80.0,727889.94,9577.5,14.0,35.0,106.0,95.0,2023-07-05,2023-07-05,actual
886,2023-07-06,Thursday,79.0,40.0,0.0,3.0,82.0,83.16,772297.61,9775.92,37.0,35.0,113.0,95.0,2023-07-06,2023-07-06,actual
887,2023-07-07,Friday,62.0,29.0,0.0,3.0,65.0,72.09,627225.62,10116.54,45.0,45.0,98.0,86.0,2023-07-07,2023-07-07,actual
888,2023-07-08,Saturday,57.0,29.0,0.0,3.0,60.0,75.0,525836.88,9225.21,34.0,56.0,95.0,76.0,2023-07-08,2023-07-08,actual
889,2023-07-09,Sunday,55.0,30.0,0.0,3.0,58.0,72.37,517293.58,9405.34,32.0,54.0,83.0,76.0,2023-07-09,2023-07-09,actual
890,2023-07-10,Monday,63.0,30.0,0.0,4.0,67.0,73.26,598602.62,9501.63,21.0,46.0,84.0,86.0,2023-07-10,2023-07-10,actual
891,2023-07-11,Tuesday,75.0,33.0,0.0,5.0,80.0,77.32,805218.17,10736.24,21.0,46.0,104.0,97.0,2023-07-11,2023-07-11,actual
892,2023-07-12,Wednesday,84.0,46.0,0.0,5.0,89.0,82.35,833056.36,9917.34,36.0,29.0,112.0,102.0,2023-07-12,2023-07-12,actual
893,2023-07-13,Thursday,104.0,58.0,0.0,5.0,109.0,93.69,983982.42,9461.37,39.0,19.0,137.0,111.0,2023-07-13,2023-07-13,actual
894,2023-07-14,Friday,89.0,30.0,2.0,4.0,95.0,81.65,799265.33,8980.51,44.0,22.0,120.0,109.0,2023-07-14,2023-07-14,actual
895,2023-07-15,Saturday,86.0,44.0,0.0,4.0,90.0,83.5,765254.24,8898.31,49.0,30.0,131.0,103.0,2023-07-15,2023-07-15,actual
896,2023-07-16,Sunday,75.0,40.0,0.0,5.0,80.0,73.53,696140.44,9281.87,50.0,30.0,110.0,102.0,2023-07-16,2023-07-16,actual
897,2023-07-17,Monday,91.0,36.0,0.0,5.0,96.0,82.73,793669.66,8721.64,20.0,20.0,129.0,110.0,2023-07-17,2023-07-17,actual
898,2023-07-18,Tuesday,106.0,44.0,0.0,4.0,110.0,95.5,931334.65,8786.18,30.0,19.0,137.0,111.0,2023-07-18,2023-07-18,actual
899,2023-07-19,Wednesday,99.0,46.0,1.0,4.0,104.0,92.52,873110.86,8819.3,52.0,24.0,127.0,107.0,2023-07-19,2023-07-19,actual
900,2023-07-20,Thursday,105.0,40.0,4.0,3.0,112.0,91.3,918352.91,8746.22,32.0,15.0,136.0,115.0,2023-07-20,2023-07-20,actual
901,2023-07-21,Friday,98.0,48.0,1.0,4.0,103.0,89.91,910717.71,9293.04,57.0,21.0,131.0,109.0,2023-07-21,2023-07-21,actual
902,2023-07-22,Saturday,88.0,52.0,0.0,4.0,92.0,80.0,826886.31,9396.44,63.0,21.0,132.0,110.0,2023-07-22,2023-07-22,actual
903,2023-07-23,Sunday,74.0,35.0,0.0,4.0,78.0,69.81,673433.02,9100.45,48.0,24.0,113.0,106.0,2023-07-23,2023-07-23,actual
904,2023-07-24,Monday,84.0,40.0,0.0,4.0,88.0,79.25,728410.34,8671.55,31.0,24.0,119.0,106.0,2023-07-24,2023-07-24,actual
905,2023-07-25,Tuesday,92.0,49.0,0.0,4.0,96.0,86.79,811277.21,8818.23,41.0,24.0,123.0,106.0,2023-07-25,2023-07-25,actual
906,2023-07-26,Wednesday,99.0,42.0,0.0,4.0,103.0,93.4,869992.51,8787.8,36.0,25.0,140.0,106.0,2023-07-26,2023-07-26,actual
907,2023-07-27,Thursday,101.0,49.0,0.0,4.0,105.0,92.66,938421.54,9291.3,47.0,21.0,136.0,109.0,2023-07-27,2023-07-27,actual
908,2023-07-28,Friday,88.0,45.0,4.0,4.0,96.0,79.28,958736.61,10894.73,54.0,20.0,140.0,111.0,2023-07-28,2023-07-28,actual
909,2023-07-29,Saturday,95.0,58.0,4.0,5.0,104.0,84.82,931638.34,9806.72,50.0,18.0,163.0,112.0,2023-07-29,2023-07-29,actual
910,2023-07-30,Sunday,92.0,41.0,1.0,4.0,97.0,84.4,885841.1,9628.71,48.0,21.0,153.0,109.0,2023-07-30,2023-07-30,actual
911,2023-07-31,Monday,98.0,33.0,0.0,3.0,101.0,89.91,911461.56,9300.63,30.0,21.0,140.0,109.0,2023-07-31,2023-07-31,actual
912,2023-08-01,Tuesday,114.0,58.0,3.0,2.0,119.0,95.0,1027084.89,9009.52,39.0,10.0,165.0,120.0,2023-08-01,2023-08-01,actual
913,2023-08-02,Wednesday,111.0,31.0,3.0,4.0,118.0,93.28,1033683.71,9312.47,33.0,11.0,156.0,119.0,2023-08-02,2023-08-02,actual
914,2023-08-03,Thursday,91.0,36.0,1.0,4.0,96.0,82.73,856773.34,9415.09,58.0,21.0,139.0,110.0,2023-08-03,2023-08-03,actual
915,2023-08-04,Friday,78.0,26.0,3.0,5.0,86.0,75.0,766586.46,9828.03,36.0,25.0,136.0,104.0,2023-08-04,2023-08-04,actual
916,2023-08-05,Saturday,71.0,42.0,3.0,4.0,78.0,68.93,747202.17,10523.97,50.0,27.0,125.0,103.0,2023-08-05,2023-08-05,actual
917,2023-08-06,Sunday,67.0,32.0,0.0,5.0,72.0,66.34,678083.64,10120.65,38.0,29.0,119.0,101.0,2023-08-06,2023-08-06,actual
918,2023-08-07,Monday,85.0,41.0,0.0,4.0,89.0,84.16,937663.26,11031.33,25.0,32.0,124.0,101.0,2023-08-07,2023-08-07,actual
919,2023-08-08,Tuesday,91.0,47.0,1.0,4.0,96.0,90.1,805493.76,8851.58,41.0,28.0,128.0,101.0,2023-08-08,2023-08-08,actual
920,2023-08-09,Wednesday,95.0,42.0,0.0,3.0,98.0,94.06,914224.99,9623.42,40.0,29.0,140.0,101.0,2023-08-09,2023-08-09,actual
921,2023-08-10,Thursday,91.0,42.0,2.0,4.0,97.0,86.67,935364.18,10278.73,42.0,25.0,143.0,105.0,2023-08-10,2023-08-10,actual
922,2023-08-11,Friday,94.0,45.0,0.0,4.0,98.0,88.68,951519.65,10122.55,44.0,25.0,150.0,106.0,2023-08-11,2023-08-11,actual
923,2023-08-12,Saturday,73.0,30.0,0.0,3.0,76.0,69.52,820741.56,11243.04,52.0,28.0,134.0,105.0,2023-08-12,2023-08-12,actual
924,2023-08-13,Sunday,117.0,82.0,0.0,2.0,119.0,98.32,981903.13,8392.33,38.0,11.0,216.0,119.0,2023-08-13,2023-08-13,actual
925,2023-08-14,Monday,103.0,76.0,0.0,4.0,107.0,88.03,868580.53,8432.82,87.0,13.0,194.0,117.0,2023-08-14,2023-08-14,actual
926,2023-08-15,Tuesday,49.0,27.0,0.0,3.0,52.0,45.37,529616.62,10808.5,82.0,22.0,73.0,108.0,2023-08-15,2023-08-15,actual
927,2023-08-16,Wednesday,79.0,47.0,0.0,5.0,84.0,74.53,733495.03,9284.75,15.0,26.0,120.0,106.0,2023-08-16,2023-08-16,actual
928,2023-08-17,Thursday,83.0,35.0,0.0,5.0,88.0,80.58,730098.59,8796.37,31.0,27.0,120.0,103.0,2023-08-17,2023-08-17,actual
929,2023-08-18,Friday,71.0,33.0,1.0,5.0,77.0,67.62,690466.86,9724.89,46.0,26.0,115.0,105.0,2023-08-18,2023-08-18,actual
930,2023-08-19,Saturday,77.0,39.0,1.0,6.0,84.0,77.0,777389.58,10095.97,32.0,32.0,137.0,100.0,2023-08-19,2023-08-19,actual
931,2023-08-20,Sunday,77.0,36.0,3.0,6.0,86.0,70.64,707102.64,9183.15,36.0,21.0,130.0,109.0,2023-08-20,2023-08-20,actual
932,2023-08-21,Monday,100.0,63.0,2.0,2.0,104.0,82.64,851892.85,8518.93,44.0,9.0,182.0,121.0,2023-08-21,2023-08-21,actual
933,2023-08-22,Tuesday,100.0,30.0,0.0,3.0,103.0,84.75,942847.38,9428.47,31.0,13.0,175.0,118.0,2023-08-22,2023-08-22,actual
934,2023-08-23,Wednesday,97.0,69.0,3.0,5.0,105.0,85.09,1124084.66,11588.5,67.0,16.0,155.0,114.0,2023-08-23,2023-08-23,actual
935,2023-08-24,Thursday,110.0,45.0,3.0,4.0,117.0,93.22,1081943.11,9835.85,33.0,12.0,169.0,118.0,2023-08-24,2023-08-24,actual
936,2023-08-25,Friday,104.0,39.0,0.0,6.0,110.0,90.43,1123626.85,10804.1,46.0,15.0,169.0,115.0,2023-08-25,2023-08-25,actual
937,2023-08-26,Saturday,94.0,47.0,2.0,6.0,102.0,89.52,1090126.75,11597.09,55.0,25.0,160.0,105.0,2023-08-26,2023-08-26,actual
938,2023-08-27,Sunday,82.0,31.0,1.0,6.0,89.0,78.1,866327.64,10564.97,44.0,25.0,133.0,105.0,2023-08-27,2023-08-27,actual
939,2023-08-28,Monday,78.0,35.0,0.0,6.0,84.0,80.41,833580.73,10686.93,40.0,35.0,117.0,97.0,2023-08-28,2023-08-28,actual
940,2023-08-29,Tuesday,63.0,26.0,0.0,7.0,70.0,64.29,611663.12,9708.94,40.0,36.0,100.0,98.0,2023-08-29,2023-08-29,actual
941,2023-08-30,Wednesday,61.0,20.0,0.0,4.0,65.0,61.62,563664.75,9240.41,25.0,32.0,88.0,99.0,2023-08-30,2023-08-30,actual
942,2023-08-31,Thursday,66.0,33.0,0.0,6.0,72.0,60.55,714263.62,10822.18,26.0,21.0,98.0,109.0,2023-08-31,2023-08-31,actual
943,2023-09-01,Friday,71.0,38.0,1.0,5.0,77.0,65.74,893115.29,12579.09,34.0,22.0,120.0,108.0,2023-09-01,2023-09-01,actual
944,2023-09-02,Saturday,78.0,43.0,0.0,5.0,83.0,75.0,974174.34,12489.41,37.0,27.0,129.0,104.0,2023-09-02,2023-09-02,actual
945,2023-09-03,Sunday,111.0,73.0,0.0,4.0,115.0,94.87,1524039.62,13730.09,41.0,13.0,144.0,117.0,2023-09-03,2023-09-03,actual
946,2023-09-04,Monday,106.0,31.0,0.0,3.0,109.0,92.17,1382589.74,13043.3,37.0,15.0,132.0,115.0,2023-09-04,2023-09-04,actual
947,2023-09-05,Tuesday,79.0,34.0,0.0,2.0,81.0,68.1,1155281.75,14623.82,61.0,14.0,99.0,116.0,2023-09-05,2023-09-05,actual
948,2023-09-06,Wednesday,49.0,30.0,0.0,2.0,51.0,42.24,777525.57,15867.87,60.0,15.0,62.0,116.0,2023-09-06,2023-09-06,actual
949,2023-09-07,Thursday,54.0,33.0,0.0,5.0,59.0,44.63,858385.0,15896.02,25.0,11.0,61.0,121.0,2023-09-07,2023-09-07,actual
950,2023-09-08,Friday,77.0,26.0,0.0,5.0,82.0,63.11,1518085.0,19715.39,3.0,8.0,84.0,122.0,2023-09-08,2023-09-08,actual
951,2023-09-09,Saturday,114.0,41.0,0.0,6.0,120.0,93.44,3284385.0,28810.39,3.0,8.0,122.0,122.0,2023-09-09,2023-09-09,actual
952,2023-09-10,Sunday,28.0,1.0,0.0,3.0,31.0,22.95,4698585.0,167806.61,90.0,8.0,33.0,122.0,2023-09-10,2023-09-10,actual
953,2023-09-11,Monday,54.0,49.0,0.0,2.0,56.0,45.38,1355301.32,25098.17,25.0,15.0,85.0,119.0,2023-09-11,2023-09-11,actual
954,2023-09-12,Tuesday,90.0,56.0,0.0,4.0,94.0,76.92,1168939.11,12988.21,18.0,14.0,136.0,117.0,2023-09-12,2023-09-12,actual
955,2023-09-13,Wednesday,104.0,50.0,1.0,4.0,109.0,88.89,1219858.38,11729.41,35.0,13.0,156.0,117.0,2023-09-13,2023-09-13,actual
956,2023-09-14,Thursday,111.0,48.0,1.0,3.0,115.0,94.07,1325031.55,11937.22,42.0,12.0,159.0,118.0,2023-09-14,2023-09-14,actual
957,2023-09-15,Friday,91.0,42.0,0.0,4.0,95.0,81.25,1195539.73,13137.8,62.0,18.0,145.0,112.0,2023-09-15,2023-09-15,actual
958,2023-09-16,Saturday,118.0,58.0,0.0,2.0,120.0,98.33,1420626.72,12039.21,33.0,10.0,180.0,120.0,2023-09-16,2023-09-16,actual
959,2023-09-17,Sunday,112.0,32.0,0.0,4.0,116.0,94.12,1283279.41,11457.85,37.0,11.0,165.0,119.0,2023-09-17,2023-09-17,actual
960,2023-09-18,Monday,108.0,31.0,2.0,4.0,114.0,93.1,1259824.13,11665.04,33.0,14.0,151.0,116.0,2023-09-18,2023-09-18,actual
961,2023-09-19,Tuesday,95.0,42.0,0.0,4.0,99.0,84.07,1110372.15,11688.13,57.0,17.0,139.0,113.0,2023-09-19,2023-09-19,actual
962,2023-09-20,Wednesday,99.0,47.0,0.0,4.0,103.0,90.0,1219701.04,12320.21,43.0,20.0,154.0,110.0,2023-09-20,2023-09-20,actual
963,2023-09-21,Thursday,109.0,48.0,0.0,4.0,113.0,95.61,1382910.41,12687.25,37.0,16.0,176.0,114.0,2023-09-21,2023-09-21,actual
964,2023-09-22,Friday,111.0,50.0,2.0,2.0,115.0,95.69,1390542.59,12527.41,50.0,14.0,176.0,116.0,2023-09-22,2023-09-22,actual
965,2023-09-23,Saturday,104.0,34.0,2.0,3.0,109.0,92.86,1322570.12,12717.02,40.0,18.0,170.0,112.0,2023-09-23,2023-09-23,actual
966,2023-09-24,Sunday,93.0,53.0,0.0,3.0,96.0,85.32,1180931.85,12698.19,66.0,21.0,133.0,109.0,2023-09-24,2023-09-24,actual
967,2023-09-25,Monday,97.0,34.0,0.0,3.0,100.0,88.18,1132569.9,11675.98,30.0,20.0,134.0,110.0,2023-09-25,2023-09-25,actual
968,2023-09-26,Tuesday,94.0,36.0,1.0,3.0,98.0,86.24,1117128.83,11884.35,38.0,21.0,130.0,109.0,2023-09-26,2023-09-26,actual
969,2023-09-27,Wednesday,106.0,54.0,1.0,3.0,110.0,93.81,1365367.68,12880.83,42.0,17.0,154.0,113.0,2023-09-27,2023-09-27,actual
970,2023-09-28,Thursday,95.0,27.0,2.0,3.0,100.0,85.59,1152806.01,12134.8,37.0,19.0,152.0,111.0,2023-09-28,2023-09-28,actual
971,2023-09-29,Friday,78.0,39.0,2.0,3.0,83.0,72.22,999120.77,12809.24,56.0,22.0,141.0,108.0,2023-09-29,2023-09-29,actual
972,2023-09-30,Saturday,90.0,51.0,1.0,4.0,95.0,83.33,1192924.19,13254.71,40.0,22.0,166.0,108.0,2023-09-30,2023-09-30,actual
973,2023-10-01,Sunday,94.0,49.0,4.0,2.0,100.0,87.04,1214757.04,12922.95,46.0,22.0,166.0,108.0,2023-10-01,2023-10-01,actual
974,2023-10-02,Monday,82.0,37.0,4.0,2.0,88.0,76.64,1048575.24,12787.5,49.0,23.0,141.0,107.0,2023-10-02,2023-10-02,actual
975,2023-10-03,Tuesday,85.0,41.0,0.0,3.0,88.0,77.27,1136565.86,13371.36,41.0,20.0,128.0,110.0,2023-10-03,2023-10-03,actual
976,2023-10-04,Wednesday,113.0,65.0,0.0,3.0,116.0,97.41,1501364.72,13286.41,37.0,14.0,155.0,116.0,2023-10-04,2023-10-04,actual
977,2023-10-05,Thursday,108.0,48.0,0.0,5.0,113.0,93.1,1428204.6,13224.12,51.0,14.0,154.0,116.0,2023-10-05,2023-10-05,actual
978,2023-10-06,Friday,90.0,28.0,0.0,3.0,93.0,80.36,1240705.74,13785.62,49.0,18.0,143.0,112.0,2023-10-06,2023-10-06,actual
979,2023-10-07,Saturday,95.0,49.0,0.0,3.0,98.0,84.82,1358334.48,14298.26,44.0,18.0,158.0,112.0,2023-10-07,2023-10-07,actual
980,2023-10-08,Sunday,101.0,53.0,0.0,3.0,104.0,87.83,1389880.72,13761.2,47.0,15.0,147.0,115.0,2023-10-08,2023-10-08,actual
981,2023-10-09,Monday,119.0,51.0,0.0,1.0,120.0,99.17,1614832.45,13570.02,34.0,10.0,163.0,120.0,2023-10-09,2023-10-09,actual
982,2023-10-10,Tuesday,119.0,29.0,0.0,1.0,120.0,99.17,1679101.86,14110.1,31.0,10.0,158.0,120.0,2023-10-10,2023-10-10,actual
983,2023-10-11,Wednesday,117.0,29.0,0.0,2.0,119.0,98.32,1678719.89,14348.03,31.0,11.0,156.0,119.0,2023-10-11,2023-10-11,actual
984,2023-10-12,Thursday,117.0,45.0,1.0,2.0,120.0,97.5,1611966.24,13777.49,44.0,10.0,170.0,120.0,2023-10-12,2023-10-12,actual
985,2023-10-13,Friday,117.0,48.0,1.0,2.0,120.0,97.5,1648950.03,14093.59,49.0,10.0,194.0,120.0,2023-10-13,2023-10-13,actual
986,2023-10-14,Saturday,113.0,48.0,0.0,3.0,116.0,97.41,1627881.72,14406.03,54.0,14.0,191.0,116.0,2023-10-14,2023-10-14,actual
987,2023-10-15,Sunday,94.0,31.0,0.0,3.0,97.0,80.34,1370968.66,14584.77,50.0,14.0,158.0,117.0,2023-10-15,2023-10-15,actual
988,2023-10-16,Monday,102.0,53.0,0.0,3.0,105.0,89.47,1489621.57,14604.13,45.0,16.0,160.0,114.0,2023-10-16,2023-10-16,actual
989,2023-10-17,Tuesday,98.0,47.0,0.0,3.0,101.0,83.05,1520521.41,15515.52,51.0,12.0,149.0,118.0,2023-10-17,2023-10-17,actual
990,2023-10-18,Wednesday,106.0,45.0,0.0,3.0,109.0,88.33,1521724.59,14355.89,38.0,10.0,155.0,120.0,2023-10-18,2023-10-18,actual
991,2023-10-19,Thursday,100.0,52.0,2.0,5.0,107.0,90.09,1560573.56,15605.74,56.0,19.0,159.0,111.0,2023-10-19,2023-10-19,actual
992,2023-10-20,Friday,87.0,38.0,2.0,4.0,93.0,78.38,1189865.0,13676.61,50.0,20.0,131.0,111.0,2023-10-20,2023-10-20,actual
993,2023-10-21,Saturday,100.0,44.0,1.0,3.0,104.0,89.29,1491531.14,14915.31,33.0,18.0,149.0,112.0,2023-10-21,2023-10-21,actual
994,2023-10-22,Sunday,92.0,39.0,1.0,3.0,96.0,84.4,1424739.24,15486.3,49.0,21.0,153.0,109.0,2023-10-22,2023-10-22,actual
995,2023-10-23,Monday,90.0,33.0,0.0,3.0,93.0,80.36,1207595.55,13417.73,36.0,18.0,141.0,112.0,2023-10-23,2023-10-23,actual
996,2023-10-24,Tuesday,101.0,45.0,0.0,2.0,103.0,87.83,1336085.33,13228.57,37.0,15.0,156.0,115.0,2023-10-24,2023-10-24,actual
997,2023-10-25,Wednesday,105.0,38.0,1.0,3.0,109.0,90.52,1356057.26,12914.83,32.0,14.0,162.0,116.0,2023-10-25,2023-10-25,actual
